Type,Status,Project,Namespace,Class,Method
Cyclic Dependency,Identified,MetroFramework,MetroFramework.Components,,
Cyclic Dependency,Identified,MetroFramework,MetroFramework.Components,,
Cyclic Dependency,Identified,MetroFramework,MetroFramework.Components,,
Cyclic Dependency,Identified,MetroFramework,MetroFramework.Components,,
Cyclic Dependency,Identified,MetroFramework,MetroFramework.Controls,,
Cyclic Dependency,Identified,MetroFramework,MetroFramework.Drawing,,
Cyclic Dependency,Identified,MetroFramework,MetroFramework.Drawing,,
Unstable Dependency,Identified,MetroFramework,MetroFramework.Components,,
Unstable Dependency,Identified,MetroFramework,MetroFramework,,
God Component,Identified,MetroFramework,MetroFramework,,
God Component,Identified,MetroFramework,MetroFramework.Native,,
Feature Concentration,Identified,MetroFramework,MetroFramework.Controls,,
Feature Concentration,Identified,MetroFramework,MetroFramework.Drawing,,
Feature Concentration,Identified,MetroFramework,MetroFramework,,
Feature Concentration,Identified,MetroFramework,MetroFramework.Native,,
Scattered Functionality,Identified,MetroFramework,MetroFramework.Controls,,
Feature Concentration,Identified,MetroFramework.Design,MetroFramework.Design.Controls,,
Unstable Dependency,Identified,NFe.Components,NFe.Components.Betha.NewVersion,,
God Component,Identified,NFe.Components,NFSe.Components,,
God Component,Identified,NFe.Components,NFe.Components,,
God Component,Identified,NFe.Components,NFe.Components.br.com.betha.egov.h,,
God Component,Identified,NFe.Components,NFe.Components.br.com.betha.egov.p,,
God Component,Identified,NFe.Components,NFe.Components.br.com.el.colatina.p,,
God Component,Identified,NFe.Components,NFe.Components.br.com.elnfse.simoesfilho.p,,
God Component,Identified,NFe.Components,NFe.Components.br.com.fiorilli.avaresp.p,,
God Component,Identified,NFe.Components,NFe.Components.br.com.fiorilli.jacisp.p,,
God Component,Identified,NFe.Components,NFe.Components.br.com.fiorilli.mirassolandiasp.h,,
God Component,Identified,NFe.Components,NFe.Components.br.com.fiorilli.mirassolandiasp.p,,
God Component,Identified,NFe.Components,NFe.Components.br.com.simpliss.macaraisp.p,,
God Component,Identified,NFe.Components,NFe.Components.br.com.simplissweb.wsandira.p,,
God Component,Identified,NFe.Components,NFe.Components.br.com.simplissweb.wsbalneariocamboriu.p,,
God Component,Identified,NFe.Components,NFe.Components.br.com.simplissweb.wshomologacao.h,,
God Component,Identified,NFe.Components,NFe.Components.br.com.simplissweb.wsiguatama.p,,
God Component,Identified,NFe.Components,NFe.Components.br.com.simplissweb.wsitaporanga2.p,,
God Component,Identified,NFe.Components,NFe.Components.br.com.simplissweb.wspatrociniomg.p,,
God Component,Identified,NFe.Components,NFe.Components.br.com.simplissweb.wsvoltaredonda.p,,
God Component,Identified,NFe.Components,NFe.Components.br.gov.egoverne.isscuritiba.curitiba.p,,
God Component,Identified,NFe.Components,NFe.Components.br.gov.egoverne.isscuritiba.curitiba.h,,
God Component,Identified,NFe.Components,NFe.Components.br.gov.pr.curitiba.pilotoisscuritiba.h,,
God Component,Identified,NFe.Components,NFe.Components.br.gov.sp.avare.fiorilli.h,,
God Component,Identified,NFe.Components,NFe.Components.br.gov.sp.embudasartes.sistemas.www.p,,
God Component,Identified,NFe.Components,NFe.Components.br.gov.sp.piracicaba.sistemas.www.h,,
God Component,Identified,NFe.Components,NFe.Components.br.gov.sp.piracicaba.sistemas.www.p,,
God Component,Identified,NFe.Components,NFe.Components.br.gov.sp.presidenteprudente.sistemas.www.h,,
God Component,Identified,NFe.Components,NFe.Components.br.gov.sp.presidenteprudente.sistemas.www.p,,
God Component,Identified,NFe.Components,NFe.Components.br.net.cosmorama.fiorilli.p,,
God Component,Identified,NFe.Components,NFe.Components.br.net.taquarituba.fiorilli.h,,
God Component,Identified,NFe.Components,NFe.Components.br.net.taquarituba.fiorilli.p,,
God Component,Identified,NFe.Components,NFe.Components.HCorumbaMS,,
God Component,Identified,NFe.Components,NFe.Components.HJaboataoDosGuararapesPE_TINUS_ConsultarLoteRps,,
God Component,Identified,NFe.Components,NFe.Components.HJaboataoDosGuararapesPE_TINUS_ConsultarNfsePorRps,,
God Component,Identified,NFe.Components,NFe.Components.HJaboataoDosGuararapesPE_TINUS_ConsultarNfse,,
God Component,Identified,NFe.Components,NFe.Components.HJaboataoDosGuararapesPE_TINUS_RecepcionarLoteRps,,
God Component,Identified,NFe.Components,NFe.Components.HJoinvilleSC,,
God Component,Identified,NFe.Components,NFe.Components.HMacapaAP,,
God Component,Identified,NFe.Components,NFe.Components.HPelotasRS,,
God Component,Identified,NFe.Components,NFe.Components.HPotirendabaSP,,
God Component,Identified,NFe.Components,NFe.Components.HSerafinaCorreaRS,,
God Component,Identified,NFe.Components,NFe.Components.PArarasSP,,
God Component,Identified,NFe.Components,NFe.Components.PAstorgaPR,,
God Component,Identified,NFe.Components,NFe.Components.PAssisSP,,
God Component,Identified,NFe.Components,NFe.Components.PCorumbaMS,,
God Component,Identified,NFe.Components,NFe.Components.PIconhaES,,
God Component,Identified,NFe.Components,NFe.Components.PJaboataoDosGuararapesPE_TINUS_ConsultarLoteRps,,
God Component,Identified,NFe.Components,NFe.Components.PJaboataoDosGuararapesPE_TINUS_ConsultarNfsePorRps,,
God Component,Identified,NFe.Components,NFe.Components.PJaboataoDosGuararapesPE_TINUS_ConsultarNfse,,
God Component,Identified,NFe.Components,NFe.Components.PJaboataoDosGuararapesPE_TINUS_RecepcionarLoteRps,,
God Component,Identified,NFe.Components,NFe.Components.PMacapaAP,,
God Component,Identified,NFe.Components,NFe.Components.PParaguacuPaulistaSP,,
God Component,Identified,NFe.Components,NFe.Components.PPelotasRS,,
God Component,Identified,NFe.Components,NFe.Components.PPotirendabaSP,,
God Component,Identified,NFe.Components,NFe.Components.PSerafinaCorreaRS,,
Feature Concentration,Identified,NFe.Components,NFSe.Components,,
Feature Concentration,Identified,NFe.Components,NFe.Components,,
Feature Concentration,Identified,NFe.Components,NFe,,
Feature Concentration,Identified,NFe.Components,NFe.Components.br.com.bauru_sp.baurusp.h,,
Feature Concentration,Identified,NFe.Components,NFe.Components.br.com.bauru_sp.baurusp.p,,
Feature Concentration,Identified,NFe.Components,NFe.Components.br.com.betha.egov.h,,
Feature Concentration,Identified,NFe.Components,NFe.Components.br.com.betha.egov.p,,
Feature Concentration,Identified,NFe.Components,NFe.Components.br.com.consist.patosdeminas.h,,
Feature Concentration,Identified,NFe.Components,NFe.Components.br.com.consist.patosdeminas.p,,
Feature Concentration,Identified,NFe.Components,NFe.Components.br.com.el.colatina.p,,
Feature Concentration,Identified,NFe.Components,NFe.Components.br.com.elnfse.simoesfilho.p,,
Feature Concentration,Identified,NFe.Components,NFe.Components.br.com.etransparencia.nfehomologacao.h,,
Feature Concentration,Identified,NFe.Components,NFe.Components.br.com.fisslex.demo.aws_consultanfse.h,,
Feature Concentration,Identified,NFe.Components,NFe.Components.br.com.fisslex.demo.aws_consultanfseporrps.h,,
Feature Concentration,Identified,NFe.Components,NFe.Components.br.com.fisslex.demo.aws_consultarsituacaoloterps.h,,
Feature Concentration,Identified,NFe.Components,NFe.Components.br.com.govdigital.homolog.lavras.h,,
Feature Concentration,Identified,NFe.Components,NFe.Components.br.com.govdigital.homolog.paracatu.h,,
Feature Concentration,Identified,NFe.Components,NFe.Components.br.com.govdigital.homolog.pedroleopoldo.h,,
Feature Concentration,Identified,NFe.Components,NFe.Components.br.com.govdigital.homolog.pelotas.h,,
Feature Concentration,Identified,NFe.Components,NFe.Components.br.com.govdigital.homolog.pocos.h,,
Feature Concentration,Identified,NFe.Components,NFe.Components.br.com.govdigital.homolog.prata.h,,
Feature Concentration,Identified,NFe.Components,NFe.Components.br.com.govdigital.homolog.saojosedalapa.h,,
Feature Concentration,Identified,NFe.Components,NFe.Components.br.com.govdigital.homolog1,,
Feature Concentration,Identified,NFe.Components,NFe.Components.br.com.govdigital.ws.lavras.p,,
Feature Concentration,Identified,NFe.Components,NFe.Components.br.com.govdigital.ws.paracatu.p,,
Feature Concentration,Identified,NFe.Components,NFe.Components.br.com.govdigital.ws.pedroleopoldo.p,,
Feature Concentration,Identified,NFe.Components,NFe.Components.br.com.govdigital.ws.pelotas.p,,
Feature Concentration,Identified,NFe.Components,NFe.Components.br.com.govdigital.ws.pocos.p,,
Feature Concentration,Identified,NFe.Components,NFe.Components.br.com.govdigital.ws.prata.p,,
Feature Concentration,Identified,NFe.Components,NFe.Components.br.com.govdigital.ws.saojosedalapa.p,,
Feature Concentration,Identified,NFe.Components,NFe.Components.br.com.govdigital.ws,,
Feature Concentration,Identified,NFe.Components,NFe.Components.br.com.memory.pontenovamg.h,,
Feature Concentration,Identified,NFe.Components,NFe.Components.br.com.memory.pontenovamg.p,,
Feature Concentration,Identified,NFe.Components,NFe.Components.br.com.metropolisweb.lfhomologacao.h,,
Feature Concentration,Identified,NFe.Components,NFe.Components.br.com.metropolisweb.lftributos.p,,
Feature Concentration,Identified,NFe.Components,NFe.Components.br.com.nfeosasco.www.p,,
Feature Concentration,Identified,NFe.Components,NFe.Components.br.com.rlz.ceiss.santafedosul.p,,
Feature Concentration,Identified,NFe.Components,NFe.Components.br.com.rlz.saturno.santafedosul.h,,
Feature Concentration,Identified,NFe.Components,NFe.Components.br.com.sigiss.barretos.p,,
Feature Concentration,Identified,NFe.Components,NFe.Components.br.com.sigiss.botucatu.h,,
Feature Concentration,Identified,NFe.Components,NFe.Components.br.com.sigiss.botucatu.p,,
Feature Concentration,Identified,NFe.Components,NFe.Components.br.com.sigiss.cianorte.p,,
Feature Concentration,Identified,NFe.Components,NFe.Components.br.com.sigiss.igarape.p,,
Feature Concentration,Identified,NFe.Components,NFe.Components.br.com.sigiss.marilia.p,,
Feature Concentration,Identified,NFe.Components,NFe.Components.br.com.sigiss.mogiguacu.p,,
Feature Concentration,Identified,NFe.Components,NFe.Components.br.com.sigiss.riogrande.p,,
Feature Concentration,Identified,NFe.Components,NFe.Components.br.com.sigiss.saogoncalo.p,,
Feature Concentration,Identified,NFe.Components,NFe.Components.br.com.sigiss.testebarretos,,
Feature Concentration,Identified,NFe.Components,NFe.Components.br.com.sigiss.testeigarape,,
Feature Concentration,Identified,NFe.Components,NFe.Components.br.com.sigiss.testemarilia.h,,
Feature Concentration,Identified,NFe.Components,NFe.Components.br.com.sigiss.testemogiguacu.h,,
Feature Concentration,Identified,NFe.Components,NFe.Components.br.com.sigiss.testeriogrande.h,,
Feature Concentration,Identified,NFe.Components,NFe.Components.br.com.sigiss.tremembe.p,,
Feature Concentration,Identified,NFe.Components,NFe.Components.br.gov.egoverne.isscuritiba.curitiba.p,,
Feature Concentration,Identified,NFe.Components,NFe.Components.br.gov.egoverne.isscuritiba.curitiba.h,,
Feature Concentration,Identified,NFe.Components,NFe.Components.br.gov.pr.curitiba.pilotoisscuritiba.h,,
Feature Concentration,Identified,NFe.Components,NFe.Components.br.gov.pr.guarapuava.nfse.h,,
Feature Concentration,Identified,NFe.Components,NFe.Components.br.gov.pr.guarapuava.nfse.p,,
Feature Concentration,Identified,NFe.Components,NFe.Components.br.gov.pr.londrina.iss,,
Feature Concentration,Identified,NFe.Components,NFe.Components.br.gov.pr.londrina.testeiss.h,,
Feature Concentration,Identified,NFe.Components,NFe.Components.br.gov.rs.erechim.nfse.www.h,,
Feature Concentration,Identified,NFe.Components,NFe.Components.br.gov.rs.erechim.nfse.www.p,,
Feature Concentration,Identified,NFe.Components,NFe.Components.HCachoeiraSulRS,,
Feature Concentration,Identified,NFe.Components,NFe.Components.HCampoNovoDoParecisMT,,
Feature Concentration,Identified,NFe.Components,NFe.Components.HGovernadorValadaresMG,,
Feature Concentration,Identified,NFe.Components,NFe.Components.HItabiraMG,,
Feature Concentration,Identified,NFe.Components,NFe.Components.HJaboataoDosGuararapesPE_TINUS_ConsultarSituacaoLoteRps,,
Feature Concentration,Identified,NFe.Components,NFe.Components.HPelotasRS,,
Feature Concentration,Identified,NFe.Components,NFe.Components.HVacariRS,,
Feature Concentration,Identified,NFe.Components,NFe.Components.HViamaoRS,,
Feature Concentration,Identified,NFe.Components,NFe.Components.PCachoeiraSulRS,,
Feature Concentration,Identified,NFe.Components,NFe.Components.PCampoNovoDoParecisMT,,
Feature Concentration,Identified,NFe.Components,NFe.Components.PCosmopolisSP,,
Feature Concentration,Identified,NFe.Components,NFe.Components.PGovernadorValadaresMG,,
Feature Concentration,Identified,NFe.Components,NFe.Components.PGuarantaNorteMT,,
Feature Concentration,Identified,NFe.Components,NFe.Components.PIconhaES,,
Feature Concentration,Identified,NFe.Components,NFe.Components.PItabiraMG,,
Feature Concentration,Identified,NFe.Components,NFe.Components.PJaboataoDosGuararapesPE_TINUS_ConsultarSituacaoLoteRps,,
Feature Concentration,Identified,NFe.Components,NFe.Components.PJaraguaGO,,
Feature Concentration,Identified,NFe.Components,NFe.Components.PMogiMirimSPConsultaNfsePorRps,,
Feature Concentration,Identified,NFe.Components,NFe.Components.PMogiMirimSPConsultaNfse,,
Feature Concentration,Identified,NFe.Components,NFe.Components.PMogiMirimSPConsultarSituacaoLoteRps,,
Feature Concentration,Identified,NFe.Components,NFe.Components.PNovaMutumMT,,
Feature Concentration,Identified,NFe.Components,NFe.Components.PPelotasRS,,
Feature Concentration,Identified,NFe.Components,NFe.Components.PSaoPauloSP,,
Feature Concentration,Identified,NFe.Components,NFe.Components.PSinopMT,,
Feature Concentration,Identified,NFe.Components,NFe.Components.PVacariRS,,
Feature Concentration,Identified,NFe.Components,NFe.Components.PVeraCruzRS,,
Feature Concentration,Identified,NFe.Components,NFe.Components.PViamaoRS,,
Scattered Functionality,Identified,NFe.Components,NFe.Components.Betha.NewVersion.Ambiente,,
Scattered Functionality,Identified,NFe.Components,NFe.Components.Betha.NewVersion.Ambiente,,
Scattered Functionality,Identified,NFe.Components,NFe.Components.Coplan.SinopMT.h,,
Scattered Functionality,Identified,NFe.Components,NFe.Components.Coplan.SinopMT.p,,
Scattered Functionality,Identified,NFe.Components,NFe.Components.Coplan.GuarantaNorteMT.h,,
Scattered Functionality,Identified,NFe.Components,NFe.Components.Coplan.GuarantaNorteMT.p,,
Scattered Functionality,Identified,NFe.Components,NFe.Components.Coplan.NovaMutumMT.h,,
Scattered Functionality,Identified,NFe.Components,NFe.Components.Coplan.NovaMutumMT.p,,
Scattered Functionality,Identified,NFe.Components,NFe.Components.Coplan.CampoNovoParecisMT.h,,
Scattered Functionality,Identified,NFe.Components,NFe.Components.Coplan.CampoNovoParecisMT.p,,
Scattered Functionality,Identified,NFe.Components,NFe.Components.EL.IconhaES.p,,
Scattered Functionality,Identified,NFe.Components,NFe.Components.Fiorilli.AssisSP.p,,
Scattered Functionality,Identified,NFe.Components,NFe.Components.Fiorilli.AssisSP.p,,
Scattered Functionality,Identified,NFe.Components,NFe.Components.Fiorilli.CorumbaMS.h,,
Scattered Functionality,Identified,NFe.Components,NFe.Components.Fiorilli.CorumbaMS.h,,
Scattered Functionality,Identified,NFe.Components,NFe.Components.Fiorilli.CorumbaMS.p,,
Scattered Functionality,Identified,NFe.Components,NFe.Components.Fiorilli.CorumbaMS.p,,
Scattered Functionality,Identified,NFe.Components,NFe.Components.Fiorilli.MacapaAP.h,,
Scattered Functionality,Identified,NFe.Components,NFe.Components.Fiorilli.MacapaAP.h,,
Scattered Functionality,Identified,NFe.Components,NFe.Components.Fiorilli.MacapaAP.p,,
Scattered Functionality,Identified,NFe.Components,NFe.Components.Fiorilli.MacapaAP.p,,
Scattered Functionality,Identified,NFe.Components,NFe.Components.Fiorilli.MirassolandiaSP.h,,
Scattered Functionality,Identified,NFe.Components,NFe.Components.Fiorilli.MirassolandiaSP.h,,
Scattered Functionality,Identified,NFe.Components,NFe.Components.Fiorilli.MirassolandiaSP.p,,
Scattered Functionality,Identified,NFe.Components,NFe.Components.Fiorilli.MirassolandiaSP.p,,
Scattered Functionality,Identified,NFe.Components,NFe.Components.Fiorilli.JaciSP.h,,
Scattered Functionality,Identified,NFe.Components,NFe.Components.Fiorilli.JaciSP.h,,
Scattered Functionality,Identified,NFe.Components,NFe.Components.Fiorilli.JaciSP.p,,
Scattered Functionality,Identified,NFe.Components,NFe.Components.Fiorilli.JaciSP.p,,
Scattered Functionality,Identified,NFe.Components,NFe.Components.Fiorilli.PotirendabaSP.h,,
Scattered Functionality,Identified,NFe.Components,NFe.Components.Fiorilli.PotirendabaSP.h,,
Scattered Functionality,Identified,NFe.Components,NFe.Components.Fiorilli.PotirendabaSP.p,,
Scattered Functionality,Identified,NFe.Components,NFe.Components.Fiorilli.PotirendabaSP.p,,
Scattered Functionality,Identified,NFe.Components,NFe.Components.Fiorilli.SerafinaCorreaRS.h,,
Scattered Functionality,Identified,NFe.Components,NFe.Components.Fiorilli.SerafinaCorreaRS.h,,
Scattered Functionality,Identified,NFe.Components,NFe.Components.Fiorilli.SerafinaCorreaRS.p,,
Scattered Functionality,Identified,NFe.Components,NFe.Components.Fiorilli.SerafinaCorreaRS.p,,
Scattered Functionality,Identified,NFe.Components,NFe.Components.Pronin.CosmopolisSP.p,,
Scattered Functionality,Identified,NFe.Components,NFe.Components.Pronin.VacariRS.h,,
Scattered Functionality,Identified,NFe.Components,NFe.Components.Pronin.VacariRS.p,,
Scattered Functionality,Identified,NFe.Components,NFe.Components.Pronin.VeraCruzRS.p,,
Scattered Functionality,Identified,NFe.Components,NFe.Components.Pronin.ViamaoRS.h,,
Scattered Functionality,Identified,NFe.Components,NFe.Components.Pronin.ViamaoRS.p,,
Scattered Functionality,Identified,NFe.Components,NFe.Components.SigCorp.GovernadorValadaresMG.h,,
Scattered Functionality,Identified,NFe.Components,NFe.Components.SigCorp.GovernadorValadaresMG.p,,
Scattered Functionality,Identified,NFe.Components,NFe.Components.SimplISS.ArarasSP.p,,
Scattered Functionality,Identified,NFe.Components,NFe.Components.SimplISS.AstorgaPR.p,,
Scattered Functionality,Identified,NFe.Components,NFe.Components.SimplISS.ParaguacuPaulistaSP.p,,
Scattered Functionality,Identified,NFe.Components,NFe.Components.SOFTPLAN,,
Scattered Functionality,Identified,NFe.Components,NFe.Components.Pronin.CachoeiraSulRS.h,,
Scattered Functionality,Identified,NFe.Components,NFe.Components.Pronin.CachoeiraSulRS.p,,
Scattered Functionality,Identified,NFe.Components,NFe.Components.Pronin.GuarapuavaPR.h,,
Scattered Functionality,Identified,NFe.Components,NFe.Components.Pronin.GuarapuavaPR.p,,
Scattered Functionality,Identified,NFe.Components,NFe.Components.Pronin.ItabiraMG.h,,
Scattered Functionality,Identified,NFe.Components,NFe.Components.Pronin.ItabiraMG.p,,
Scattered Functionality,Identified,NFe.Components,NFe.Components.EGoverne.CuritibaPR.h,,
Scattered Functionality,Identified,NFe.Components,NFe.Components.EGoverne.CuritibaPR.p,,
Scattered Functionality,Identified,NFe.Components,NFe.Components.EL.ColatinaES.p,,
Scattered Functionality,Identified,NFe.Components,NFe.Components.EL.SimoesFilhoBA.p,,
Scattered Functionality,Identified,NFe.Components,NFe.Components.Fiorilli.AvareSP.h,,
Scattered Functionality,Identified,NFe.Components,NFe.Components.Fiorilli.AvareSP.h,,
Scattered Functionality,Identified,NFe.Components,NFe.Components.Fiorilli.AvareSP.p,,
Scattered Functionality,Identified,NFe.Components,NFe.Components.Fiorilli.AvareSP.p,,
Scattered Functionality,Identified,NFe.Components,NFe.Components.Fiorilli.ItaporangaSP.p,,
Scattered Functionality,Identified,NFe.Components,NFe.Components.Fiorilli.ItaporangaSP.p,,
Scattered Functionality,Identified,NFe.Components,NFe.Components.GovDigital,,
Scattered Functionality,Identified,NFe.Components,NFe.Components.Metropolis.LauroDeFreitasBA.p,,
Scattered Functionality,Identified,NFe.Components,NFe.Components.Metropolis.LauroDeFreitasBA.h,,
Scattered Functionality,Identified,NFe.Components,NFe.Components.RLZ_INFORMATICA.SantaFeDoSul.h,,
Scattered Functionality,Identified,NFe.Components,NFe.Components.Conam.VarginhaMG.h,,
Scattered Functionality,Identified,NFe.Components,NFe.Components.RLZ_INFORMATICA.SantaFeDoSul.p,,
Scattered Functionality,Identified,NFe.Components,NFe.Components.SigCorp.BotucatuSP.h,,
Scattered Functionality,Identified,NFe.Components,NFe.Components.SigCorp.MariliaSP.h,,
Scattered Functionality,Identified,NFe.Components,NFe.Components.SigCorp.MogiGuacuSP.h,,
Scattered Functionality,Identified,NFe.Components,NFe.Components.SigCorp.MogiGuacuSP.p,,
Scattered Functionality,Identified,NFe.Components,NFe.Components.SigCorp.BarretosSP.h,,
Scattered Functionality,Identified,NFe.Components,NFe.Components.SigCorp.BarretosSP.p,,
Scattered Functionality,Identified,NFe.Components,NFe.Components.SigCorp.RioGrandeRS.h,,
Scattered Functionality,Identified,NFe.Components,NFe.Components.SigCorp.RioGrandeRS.p,,
Scattered Functionality,Identified,NFe.Components,NFe.Components.SigCorp.IgarapeMG.h,,
Scattered Functionality,Identified,NFe.Components,NFe.Components.SigCorp.IgarapeMG.p,,
Scattered Functionality,Identified,NFe.Components,NFe.Components.SigCorp.CianortePR.p,,
Scattered Functionality,Identified,NFe.Components,NFe.Components.Consist.PatosdeMinasMG.h,,
Scattered Functionality,Identified,NFe.Components,NFe.Components.Consist.PatosdeMinasMG.p,,
Scattered Functionality,Identified,NFe.Components,NFe.Components.Memory.PonteNovaMG.h,,
Scattered Functionality,Identified,NFe.Components,NFe.Components.Memory.PonteNovaMG.p,,
Scattered Functionality,Identified,NFe.Components,NFe.Components.EGoverneISS.OsascoSP.p,,
Scattered Functionality,Identified,NFe.Components,NFe.Components.SimplISS.MacaraiSP.p,,
Scattered Functionality,Identified,NFe.Components,NFe.Components.SimplISS.PatrocinioMG.h,,
Scattered Functionality,Identified,NFe.Components,NFe.Components.SimplISS.PatrocinioMG.p,,
Scattered Functionality,Identified,NFe.Components,NFe.Components.SimplISS.EmbuDasArtesSP.p,,
Scattered Functionality,Identified,NFe.Components,NFe.Components.SimplISS.Homologacao,,
Scattered Functionality,Identified,NFe.Components,NFe.Components.SimplISS.AndiraPR.p,,
Scattered Functionality,Identified,NFe.Components,NFe.Components.SimplISS.IguatamaMG.p,,
Scattered Functionality,Identified,NFe.Components,NFe.Components.SimplISS.PiracicabaSP.h,,
Scattered Functionality,Identified,NFe.Components,NFe.Components.SimplISS.PiracicabaSP.p,,
Scattered Functionality,Identified,NFe.Components,NFe.Components.SimplISS.PresidentePrudenteSP.h,,
Scattered Functionality,Identified,NFe.Components,NFe.Components.SimplISS.PresidentePrudenteSP.p,,
Scattered Functionality,Identified,NFe.Components,NFe.Components.SimplISS.BalnearioCamboriu.h,,
Scattered Functionality,Identified,NFe.Components,NFe.Components.SimplISS.BalnearioCamboriu.p,,
Scattered Functionality,Identified,NFe.Components,NFe.Components.SimplISS.VoltaRedondaRJ.h,,
Scattered Functionality,Identified,NFe.Components,NFe.Components.SimplISS.VoltaRedondaRJ.p,,
Scattered Functionality,Identified,NFe.Components,NFe.Components.Fiorilli.CosmoramaSP.p,,
Scattered Functionality,Identified,NFe.Components,NFe.Components.Fiorilli.CosmoramaSP.p,,
Scattered Functionality,Identified,NFe.Components,NFe.Components.Fiorilli.TaquaraSP.h,,
Scattered Functionality,Identified,NFe.Components,NFe.Components.Fiorilli.TaquaraSP.h,,
Scattered Functionality,Identified,NFe.Components,NFe.Components.Fiorilli.TaquaraSP.p,,
Scattered Functionality,Identified,NFe.Components,NFe.Components.Fiorilli.TaquaraSP.p,,
Scattered Functionality,Identified,NFe.Components,NFe.Components.BAURU_SP.BauruSP.h,,
Scattered Functionality,Identified,NFe.Components,NFe.Components.BAURU_SP.BauruSP.p,,
Scattered Functionality,Identified,NFe.Components,NFe.Components.SigCorp.BotucatuSP.p,,
Scattered Functionality,Identified,NFe.Components,NFe.Components.SigCorp.MariliaSP.p,,
Scattered Functionality,Identified,NFe.Components,NFe.Components.SigCorp.TremembeSP.p,,
Scattered Functionality,Identified,NFe.Components,NFe.Components.SigCorp.SaoGoncaloRJ.p,,
Scattered Functionality,Identified,NFe.Components,NFe.Components.SigCorp.LondrinaPR.h,,
Scattered Functionality,Identified,NFe.Components,NFe.Components.SigCorp.LondrinaPR.p,,
Scattered Functionality,Identified,NFe.Components,NFe.Components.SystemPro,,
God Component,Identified,NFe.ConvertTxt,NFe.ConvertTxt,,
Feature Concentration,Identified,NFe.SAT,NFe.SAT.Servico.Envio,,
Unstable Dependency,Identified,NFe.Service,NFe.Service,,
God Component,Identified,NFe.Service,NFe.Service,,
Feature Concentration,Identified,NFe.Service,NFe.Service.NFSe,,
Scattered Functionality,Identified,NFe.Service,NFe.Service.NFSe,,
Scattered Functionality,Identified,NFe.Service,NFe.Service,,
Scattered Functionality,Identified,NFe.Service,NFe.Service,,
Scattered Functionality,Identified,NFe.Service,NFe.Service,,
Scattered Functionality,Identified,NFe.Service,NFe.Service,,
Unstable Dependency,Identified,NFe.Settings,NFe.Settings,,
Feature Concentration,Identified,NFe.Settings,NFe.Settings,,
Feature Concentration,Identified,NFe.Threadings,NFe.Threadings,,
Scattered Functionality,Identified,NFe.Threadings,NFe.Threadings,,
Cyclic Dependency,Identified,NFe.UI,NFe.UI,,
Cyclic Dependency,Identified,NFe.UI,NFe.UI,,
Cyclic Dependency,Identified,NFe.UI,NFe.UI.Formularios.NFSe,,
Unstable Dependency,Identified,NFe.UI,NFe.UI,,
Unstable Dependency,Identified,NFe.UI,NFe.UI.Formularios,,
Feature Concentration,Identified,NFe.UI,NFe.UI.Formularios,,
Scattered Functionality,Identified,NFe.UI,NFe.UI,,
Scattered Functionality,Identified,NFe.UI,NFe.UI,,
Scattered Functionality,Identified,NFe.UI,NFe.UI,,
Scattered Functionality,Identified,NFe.UI,NFe.UI.Formularios,,
Scattered Functionality,Identified,NFe.UI,NFe.UI.Formularios.NFSe,,
Scattered Functionality,Identified,NFe.Validate,NFe.Validate,,