Project,Namespace,Type,EOM,CC,DIT,Coupling,LOC
MetroFramework\MetroFramework,MetroFramework,AssemblyRef,100,0,1,0,0
MetroFramework\MetroFramework,MetroFramework,MetroBrushes,82,19,1,6,35
MetroFramework\MetroFramework,MetroFramework,MetroButtonSize,100,0,1,0,0
MetroFramework\MetroFramework,MetroFramework,MetroButtonWeight,100,0,1,0,0
MetroFramework\MetroFramework,MetroFramework,MetroCheckBoxSize,100,0,1,0,0
MetroFramework\MetroFramework,MetroFramework,MetroCheckBoxWeight,100,0,1,0,0
MetroFramework\MetroFramework,MetroFramework,MetroColors,90,15,1,1,29
MetroFramework\MetroFramework,MetroFramework,MetroColorStyle,100,0,1,0,0
MetroFramework\MetroFramework,MetroFramework,MetroComboBoxSize,100,0,1,0,0
MetroFramework\MetroFramework,MetroFramework,MetroComboBoxWeight,100,0,1,0,0
MetroFramework\MetroFramework,MetroFramework,MetroDefaults,100,0,1,2,0
MetroFramework\MetroFramework,MetroFramework,MetroDefaults.PropertyCategory,100,0,1,0,0
MetroFramework\MetroFramework,MetroFramework,MetroFonts,57,127,1,25,242
MetroFramework\MetroFramework,MetroFramework,MetroFonts.DefaultFontResolver,92,2,1,4,3
MetroFramework\MetroFramework,MetroFramework,MetroFonts.IMetroFontResolver,100,1,0,3,0
MetroFramework\MetroFramework,MetroFramework,MetroImage,68,3,1,2,13
MetroFramework\MetroFramework,MetroFramework,MetroLabelSize,100,0,1,0,0
MetroFramework\MetroFramework,MetroFramework,MetroLabelWeight,100,0,1,0,0
MetroFramework\MetroFramework,MetroFramework,MetroLinkSize,100,0,1,0,0
MetroFramework\MetroFramework,MetroFramework,MetroLinkWeight,100,0,1,0,0
MetroFramework\MetroFramework,MetroFramework,MetroMessageBox,64,15,1,20,46
MetroFramework\MetroFramework,MetroFramework,MetroMessageBoxControl,58,47,7,33,247
MetroFramework\MetroFramework,MetroFramework,MetroMessageBoxProperties,92,12,1,5,14
MetroFramework\MetroFramework,MetroFramework,MetroPens,82,19,1,5,35
MetroFramework\MetroFramework,MetroFramework,MetroProgressBarSize,100,0,1,0,0
MetroFramework\MetroFramework,MetroFramework,MetroProgressBarWeight,100,0,1,0,0
MetroFramework\MetroFramework,MetroFramework,MetroTabControlSize,100,0,1,0,0
MetroFramework\MetroFramework,MetroFramework,MetroTabControlWeight,100,0,1,0,0
MetroFramework\MetroFramework,MetroFramework,MetroTextBoxSize,100,0,1,0,0
MetroFramework\MetroFramework,MetroFramework,MetroTextBoxWeight,100,0,1,0,0
MetroFramework\MetroFramework,MetroFramework,MetroThemeStyle,100,0,1,0,0
MetroFramework\MetroFramework,MetroFramework,MetroTileTextSize,100,0,1,0,0
MetroFramework\MetroFramework,MetroFramework,MetroTileTextWeight,100,0,1,0,0
MetroFramework\MetroFramework,MetroFramework.Animation,AnimationAction,100,4,1,2,0
MetroFramework\MetroFramework,MetroFramework.Animation,AnimationBase,69,33,1,11,57
MetroFramework\MetroFramework,MetroFramework.Animation,AnimationFinishedEvaluator,100,4,1,2,0
MetroFramework\MetroFramework,MetroFramework.Animation,ColorBlendAnimation,62,11,2,15,34
MetroFramework\MetroFramework,MetroFramework.Animation,DelayedCall,73,74,1,15,153
MetroFramework\MetroFramework,MetroFramework.Animation,DelayedCall.Callback,100,4,1,2,0
MetroFramework\MetroFramework,MetroFramework.Animation,DelayedCall<T>,74,12,2,5,33
MetroFramework\MetroFramework,MetroFramework.Animation,DelayedCall<T>.Callback,100,4,1,2,0
MetroFramework\MetroFramework,MetroFramework.Animation,DelayedCall<T1;T2;T3>,71,12,2,5,39
MetroFramework\MetroFramework,MetroFramework.Animation,DelayedCall<T1;T2;T3>.Callback,100,4,1,2,0
MetroFramework\MetroFramework,MetroFramework.Animation,DelayedCall<T1;T2>,71,12,2,5,36
MetroFramework\MetroFramework,MetroFramework.Animation,DelayedCall<T1;T2>.Callback,100,4,1,2,0
MetroFramework\MetroFramework,MetroFramework.Animation,ExpandAnimation,69,5,2,8,17
MetroFramework\MetroFramework,MetroFramework.Animation,MoveAnimation,69,5,2,8,17
MetroFramework\MetroFramework,MetroFramework.Animation,TransitionType,100,0,1,0,0
MetroFramework\MetroFramework,MetroFramework.Components,MetroStyleExtender,77,30,3,23,43
MetroFramework\MetroFramework,MetroFramework.Components,MetroStyleManager,73,44,3,25,74
MetroFramework\MetroFramework,MetroFramework.Components,MetroToolTip,80,33,4,33,61
MetroFramework\MetroFramework,MetroFramework.Controls,MetroButton,73,103,6,36,184
MetroFramework\MetroFramework,MetroFramework.Controls,MetroCheckBox,73,104,6,40,194
MetroFramework\MetroFramework,MetroFramework.Controls,MetroComboBox,75,116,6,48,220
MetroFramework\MetroFramework,MetroFramework.Controls,MetroContextMenu,81,50,9,20,71
MetroFramework\MetroFramework,MetroFramework.Controls,MetroContextMenu.contextcolors,91,7,2,6,11
MetroFramework\MetroFramework,MetroFramework.Controls,MetroContextMenu.MetroCTXRenderer,92,1,3,4,1
MetroFramework\MetroFramework,MetroFramework.Controls,MetroDataGridHelper,69,39,1,22,81
MetroFramework\MetroFramework,MetroFramework.Controls,MetroGrid,73,61,5,30,145
MetroFramework\MetroFramework,MetroFramework.Controls,MetroLabel,72,113,5,41,225
MetroFramework\MetroFramework,MetroFramework.Controls,MetroLabel.DoubleBufferedTextBox,87,1,6,2,2
MetroFramework\MetroFramework,MetroFramework.Controls,MetroLabelMode,100,0,1,0,0
MetroFramework\MetroFramework,MetroFramework.Controls,MetroLink,77,89,6,34,154
MetroFramework\MetroFramework,MetroFramework.Controls,MetroPanel,76,90,6,33,160
MetroFramework\MetroFramework,MetroFramework.Controls,MetroProgressBar,76,101,5,37,164
MetroFramework\MetroFramework,MetroFramework.Controls,MetroProgressSpinner,75,101,4,29,172
MetroFramework\MetroFramework,MetroFramework.Controls,MetroRadioButton,73,103,6,40,196
MetroFramework\MetroFramework,MetroFramework.Controls,MetroScrollBar,67,234,4,45,508
MetroFramework\MetroFramework,MetroFramework.Controls,MetroScrollOrientation,100,0,1,0,0
MetroFramework\MetroFramework,MetroFramework.Controls,MetroTabControl,72,123,5,54,249
MetroFramework\MetroFramework,MetroFramework.Controls,MetroTabPage,76,91,7,33,160
MetroFramework\MetroFramework,MetroFramework.Controls,MetroTabPageCollection,98,1,2,4,1
MetroFramework\MetroFramework,MetroFramework.Controls,MetroTextBox,81,143,4,50,235
MetroFramework\MetroFramework,MetroFramework.Controls,MetroTextBox.PromptedTextBox,76,18,6,15,32
MetroFramework\MetroFramework,MetroFramework.Controls,MetroTile,75,116,6,38,211
MetroFramework\MetroFramework,MetroFramework.Controls,MetroToggle,75,112,6,40,199
MetroFramework\MetroFramework,MetroFramework.Controls,MetroTrackBar,72,134,4,38,277
MetroFramework\MetroFramework,MetroFramework.Controls,MetroUserControl,77,58,7,21,84
MetroFramework\MetroFramework,MetroFramework.Drawing,MetroBackBuffer,74,3,1,4,12
MetroFramework\MetroFramework,MetroFramework.Drawing,MetroPaint,56,75,1,10,113
MetroFramework\MetroFramework,MetroFramework.Drawing,MetroPaint.BackColor,93,2,1,2,3
MetroFramework\MetroFramework,MetroFramework.Drawing,MetroPaint.BackColor.Button,92,5,1,2,9
MetroFramework\MetroFramework,MetroFramework.Drawing,MetroPaint.BackColor.ProgressBar,100,1,1,0,1
MetroFramework\MetroFramework,MetroFramework.Drawing,MetroPaint.BackColor.ProgressBar.Bar,92,5,1,2,9
MetroFramework\MetroFramework,MetroFramework.Drawing,MetroPaint.BackColor.ScrollBar,100,1,1,0,1
MetroFramework\MetroFramework,MetroFramework.Drawing,MetroPaint.BackColor.ScrollBar.Bar,92,5,1,2,9
MetroFramework\MetroFramework,MetroFramework.Drawing,MetroPaint.BackColor.ScrollBar.Thumb,92,5,1,2,9
MetroFramework\MetroFramework,MetroFramework.Drawing,MetroPaint.BackColor.TrackBar,100,1,1,0,1
MetroFramework\MetroFramework,MetroFramework.Drawing,MetroPaint.BackColor.TrackBar.Bar,92,5,1,2,9
MetroFramework\MetroFramework,MetroFramework.Drawing,MetroPaint.BackColor.TrackBar.Thumb,92,5,1,2,9
MetroFramework\MetroFramework,MetroFramework.Drawing,MetroPaint.BorderColor,93,2,1,2,3
MetroFramework\MetroFramework,MetroFramework.Drawing,MetroPaint.BorderColor.Button,85,4,1,2,8
MetroFramework\MetroFramework,MetroFramework.Drawing,MetroPaint.BorderColor.CheckBox,85,4,1,2,8
MetroFramework\MetroFramework,MetroFramework.Drawing,MetroPaint.BorderColor.ComboBox,85,4,1,2,8
MetroFramework\MetroFramework,MetroFramework.Drawing,MetroPaint.BorderColor.ProgressBar,85,4,1,2,8
MetroFramework\MetroFramework,MetroFramework.Drawing,MetroPaint.BorderColor.TabControl,85,4,1,2,8
MetroFramework\MetroFramework,MetroFramework.Drawing,MetroPaint.ForeColor,93,2,1,2,3
MetroFramework\MetroFramework,MetroFramework.Drawing,MetroPaint.ForeColor.Button,92,5,1,2,9
MetroFramework\MetroFramework,MetroFramework.Drawing,MetroPaint.ForeColor.CheckBox,92,5,1,2,9
MetroFramework\MetroFramework,MetroFramework.Drawing,MetroPaint.ForeColor.ComboBox,92,5,1,2,9
MetroFramework\MetroFramework,MetroFramework.Drawing,MetroPaint.ForeColor.Label,93,3,1,2,5
MetroFramework\MetroFramework,MetroFramework.Drawing,MetroPaint.ForeColor.Link,92,5,1,2,9
MetroFramework\MetroFramework,MetroFramework.Drawing,MetroPaint.ForeColor.ProgressBar,93,3,1,2,5
MetroFramework\MetroFramework,MetroFramework.Drawing,MetroPaint.ForeColor.TabControl,93,3,1,2,5
MetroFramework\MetroFramework,MetroFramework.Drawing,MetroPaint.ForeColor.Tile,92,5,1,2,9
MetroFramework\MetroFramework,MetroFramework.Drawing,MetroPaintEventArgs,92,7,2,3,10
MetroFramework\MetroFramework,MetroFramework.Drawing.Html,CssAnonymousBlockBox,74,3,2,4,8
MetroFramework\MetroFramework,MetroFramework.Drawing.Html,CssAnonymousBox,98,1,2,2,1
MetroFramework\MetroFramework,MetroFramework.Drawing.Html,CssAnonymousSpaceBlockBox,86,2,3,3,4
MetroFramework\MetroFramework,MetroFramework.Drawing.Html,CssAnonymousSpaceBox,98,1,3,3,1
MetroFramework\MetroFramework,MetroFramework.Drawing.Html,CssBlock,71,17,1,13,30
MetroFramework\MetroFramework,MetroFramework.Drawing.Html,CssBox,73,567,1,54,963
MetroFramework\MetroFramework,MetroFramework.Drawing.Html,CssBoxWord,80,22,2,5,33
MetroFramework\MetroFramework,MetroFramework.Drawing.Html,CssBoxWordSplitter,76,26,1,3,43
MetroFramework\MetroFramework,MetroFramework.Drawing.Html,CssConstants,100,1,1,0,1
MetroFramework\MetroFramework,MetroFramework.Drawing.Html,CssDefaults,77,2,1,1,7
MetroFramework\MetroFramework,MetroFramework.Drawing.Html,CssDrawingHelper,50,39,1,8,117
MetroFramework\MetroFramework,MetroFramework.Drawing.Html,CssDrawingHelper.Border,100,0,1,0,0
MetroFramework\MetroFramework,MetroFramework.Drawing.Html,CssLayoutEngine,58,74,1,20,168
MetroFramework\MetroFramework,MetroFramework.Drawing.Html,CssLength,65,49,1,5,79
MetroFramework\MetroFramework,MetroFramework.Drawing.Html,CssLength.CssUnit,100,0,1,0,0
MetroFramework\MetroFramework,MetroFramework.Drawing.Html,CssLineBox,67,41,1,19,79
MetroFramework\MetroFramework,MetroFramework.Drawing.Html,CssPropertyAttribute,94,3,2,1,4
MetroFramework\MetroFramework,MetroFramework.Drawing.Html,CssPropertyInheritedAttribute,100,1,2,1,1
MetroFramework\MetroFramework,MetroFramework.Drawing.Html,CssRectangle,90,19,1,3,19
MetroFramework\MetroFramework,MetroFramework.Drawing.Html,CssTable,60,150,1,17,298
MetroFramework\MetroFramework,MetroFramework.Drawing.Html,CssTable.SpacingBox,81,3,2,2,7
MetroFramework\MetroFramework,MetroFramework.Drawing.Html,CssValue,53,122,1,24,196
MetroFramework\MetroFramework,MetroFramework.Drawing.Html,HtmlConstants,100,1,1,1,1
MetroFramework\MetroFramework,MetroFramework.Drawing.Html,HtmlLabel,81,8,6,10,14
MetroFramework\MetroFramework,MetroFramework.Drawing.Html,HtmlPanel,76,22,5,28,48
MetroFramework\MetroFramework,MetroFramework.Drawing.Html,HtmlRenderer,81,8,1,9,13
MetroFramework\MetroFramework,MetroFramework.Drawing.Html,HtmlTag,62,78,1,13,98
MetroFramework\MetroFramework,MetroFramework.Drawing.Html,HtmlToolTip,68,5,4,15,16
MetroFramework\MetroFramework,MetroFramework.Drawing.Html,InitialContainer,63,81,2,24,153
MetroFramework\MetroFramework,MetroFramework.Drawing.Html,Parser,74,4,1,3,12
MetroFramework\MetroFramework,MetroFramework.Forms,BackLocation,100,0,1,0,0
MetroFramework\MetroFramework,MetroFramework.Forms,MetroForm,71,158,7,70,308
MetroFramework\MetroFramework,MetroFramework.Forms,MetroForm.MetroAeroDropShadow,92,5,8,4,5
MetroFramework\MetroFramework,MetroFramework.Forms,MetroForm.MetroFlatDropShadow,65,13,8,19,59
MetroFramework\MetroFramework,MetroFramework.Forms,MetroForm.MetroFormButton,76,64,6,28,109
MetroFramework\MetroFramework,MetroFramework.Forms,MetroForm.MetroRealisticDropShadow,61,18,8,24,84
MetroFramework\MetroFramework,MetroFramework.Forms,MetroForm.MetroShadowBase,77,26,7,7,55
MetroFramework\MetroFramework,MetroFramework.Forms,MetroForm.WindowButtons,100,0,1,0,0
MetroFramework\MetroFramework,MetroFramework.Forms,MetroFormBorderStyle,100,0,1,0,0
MetroFramework\MetroFramework,MetroFramework.Forms,MetroFormShadowType,100,0,1,0,0
MetroFramework\MetroFramework,MetroFramework.Forms,MetroFormTextAlign,100,0,1,0,0
MetroFramework\MetroFramework,MetroFramework.Forms,MetroMessageBox,100,1,8,1,1
MetroFramework\MetroFramework,MetroFramework.Forms,MetroTaskWindow,66,35,8,25,104
MetroFramework\MetroFramework,MetroFramework.Interfaces,IMetroComponent,100,6,0,3,0
MetroFramework\MetroFramework,MetroFramework.Interfaces,IMetroControl,100,20,0,5,0
MetroFramework\MetroFramework,MetroFramework.Interfaces,IMetroForm,100,6,0,3,0
MetroFramework\MetroFramework,MetroFramework.Localization,MetroLocalize,69,21,1,10,64
MetroFramework\MetroFramework,MetroFramework.Native,DwmApi,95,22,1,12,6
MetroFramework\MetroFramework,MetroFramework.Native,DwmApi.DWM_BLURBEHIND,78,3,1,0,6
MetroFramework\MetroFramework,MetroFramework.Native,DwmApi.DWM_PRESENT_PARAMETERS,100,0,1,2,0
MetroFramework\MetroFramework,MetroFramework.Native,DwmApi.DWM_SOURCE_FRAME_SAMPLING,100,0,1,0,0
MetroFramework\MetroFramework,MetroFramework.Native,DwmApi.DWM_THUMBNAIL_PROPERTIES,100,0,1,1,0
MetroFramework\MetroFramework,MetroFramework.Native,DwmApi.DWM_TIMING_INFO,100,0,1,1,0
MetroFramework\MetroFramework,MetroFramework.Native,DwmApi.DWMNCRENDERINGPOLICY,100,0,1,0,0
MetroFramework\MetroFramework,MetroFramework.Native,DwmApi.DWMWINDOWATTRIBUTE,100,0,1,0,0
MetroFramework\MetroFramework,MetroFramework.Native,DwmApi.MARGINS,76,1,1,0,4
MetroFramework\MetroFramework,MetroFramework.Native,DwmApi.RECT,81,10,1,2,25
MetroFramework\MetroFramework,MetroFramework.Native,DwmApi.UNSIGNED_RATIO,100,0,1,0,0
MetroFramework\MetroFramework,MetroFramework.Native,DwmApi.WindowThemeAttributeType,100,0,1,0,0
MetroFramework\MetroFramework,MetroFramework.Native,DwmApi.WTA_OPTIONS,100,0,1,0,0
MetroFramework\MetroFramework,MetroFramework.Native,SubClass,83,17,3,6,31
MetroFramework\MetroFramework,MetroFramework.Native,SubClass.SubClassWndProcEventHandler,100,4,1,3,0
MetroFramework\MetroFramework,MetroFramework.Native,Taskbar,81,12,1,12,31
MetroFramework\MetroFramework,MetroFramework.Native,TaskbarPosition,100,0,1,0,0
MetroFramework\MetroFramework,MetroFramework.Native,WinApi,100,35,1,9,4
MetroFramework\MetroFramework,MetroFramework.Native,WinApi.ABE,100,0,1,0,0
MetroFramework\MetroFramework,MetroFramework.Native,WinApi.ABM,100,0,1,0,0
MetroFramework\MetroFramework,MetroFramework.Native,WinApi.APPBARDATA,100,0,1,2,0
MetroFramework\MetroFramework,MetroFramework.Native,WinApi.ARGB,100,0,1,0,0
MetroFramework\MetroFramework,MetroFramework.Native,WinApi.BLENDFUNCTION,100,0,1,0,0
MetroFramework\MetroFramework,MetroFramework.Native,WinApi.Bool,100,0,1,0,0
MetroFramework\MetroFramework,MetroFramework.Native,WinApi.HitTest,100,0,1,0,0
MetroFramework\MetroFramework,MetroFramework.Native,WinApi.Messages,100,0,1,0,0
MetroFramework\MetroFramework,MetroFramework.Native,WinApi.MINMAXINFO,100,0,1,1,0
MetroFramework\MetroFramework,MetroFramework.Native,WinApi.NCCALCSIZE_PARAMS,100,0,1,1,0
MetroFramework\MetroFramework,MetroFramework.Native,WinApi.POINT,92,1,1,0,1
MetroFramework\MetroFramework,MetroFramework.Native,WinApi.RECT,100,0,1,0,0
MetroFramework\MetroFramework,MetroFramework.Native,WinApi.ScrollBar,100,0,1,0,0
MetroFramework\MetroFramework,MetroFramework.Native,WinApi.SIZE,92,1,1,0,1
MetroFramework\MetroFramework,MetroFramework.Native,WinApi.TabControlHitTest,100,0,1,0,0
MetroFramework\MetroFramework,MetroFramework.Native,WinApi.TCHITTESTINFO,100,0,1,1,0
MetroFramework\MetroFramework,MetroFramework.Native,WinApi.WindowPos,100,0,1,0,0
MetroFramework\MetroFramework,MetroFramework.Native,WinCaret,93,11,1,1,9
MetroFramework\MetroFramework.Demo,MetroFramework.Demo,MainForm,41,22,8,60,891
MetroFramework\MetroFramework.Demo,MetroFramework.Demo,Program,74,1,1,4,5
MetroFramework\MetroFramework.Demo,MetroFramework.Demo,TaskWindowControl,67,5,7,11,21
MetroFramework\MetroFramework.Demo,NFe.Components,NativeMethods,100,2,1,0,0
MetroFramework\MetroFramework.Design,MetroFramework.Design.Components,MetroStyleManagerDesigner,66,25,2,25,53
MetroFramework\MetroFramework.Design,MetroFramework.Design.Controls,MetroButtonDesigner,70,3,3,3,19
MetroFramework\MetroFramework.Design,MetroFramework.Design.Controls,MetroCheckBoxDesigner,66,2,3,2,16
MetroFramework\MetroFramework.Design,MetroFramework.Design.Controls,MetroLabelDesigner,70,3,3,3,19
MetroFramework\MetroFramework.Design,MetroFramework.Design.Controls,MetroLinkDesigner,70,3,3,3,19
MetroFramework\MetroFramework.Design,MetroFramework.Design.Controls,MetroPanelDesigner,92,3,4,4,3
MetroFramework\MetroFramework.Design,MetroFramework.Design.Controls,MetroProgressBarDesigner,66,3,3,3,24
MetroFramework\MetroFramework.Design,MetroFramework.Design.Controls,MetroProgressSpinnerDesigner,67,3,3,3,23
MetroFramework\MetroFramework.Design,MetroFramework.Design.Controls,MetroRadioButtonDesigner,66,2,3,2,16
MetroFramework\MetroFramework.Design,MetroFramework.Design.Controls,MetroScrollBarDesigner,69,5,3,9,19
MetroFramework\MetroFramework.Design,MetroFramework.Design.Controls,MetroTabControlDesigner,67,21,4,28,75
MetroFramework\MetroFramework.Design,MetroFramework.Design.Controls,MetroTabPageCollectionEditor,85,4,3,5,9
MetroFramework\MetroFramework.Design,MetroFramework.Design.Controls,MetroTabPageDesigner,100,1,5,1,1
MetroFramework\MetroFramework.Design,MetroFramework.Design.Controls,MetroTextBoxDesigner,72,5,3,7,15
MetroFramework\MetroFramework.Design,MetroFramework.Design.Controls,MetroTileDesigner,71,5,4,7,23
MetroFramework\MetroFramework.Design,MetroFramework.Design.Controls,MetroToggleDesigner,66,2,3,2,16
MetroFramework\MetroFramework.Fonts,MetroFramework.Fonts,FontResolver,62,15,1,12,39
NFe.Certificado,NFe.Certificado,AlgorithmType,100,0,1,0,0
NFe.Certificado,NFe.Certificado,AssinaturaDigital,58,86,1,35,212
NFe.Certificado,NFe.Certificado,CertificadoDigital,72,28,1,16,71
NFe.Certificado,NFe.Certificado,CertificadoProviders,81,28,1,13,52
NFe.Certificado,NFe.Certificado,CertProviders,94,5,1,0,5
NFe.Certificado,NFe.Certificado,CryptographicExceptionHandler,100,4,1,3,0
NFe.Certificado,NFe.Exceptions,ExceptionCertificadoDigital,91,4,2,3,6
NFe.Components,NFe,clsX509Certificate2Extension,59,11,1,10,22
NFe.Components,NFe,SafeNativeMethods,94,5,1,6,2
NFe.Components,NFe,SafeNativeMethods.CertificateProperty,100,0,1,0,0
NFe.Components,NFe,SafeNativeMethods.CryptContextFlags,100,0,1,0,0
NFe.Components,NFe,SafeNativeMethods.CryptParameter,100,0,1,0,0
NFe.Components,NFe,StreamExtensions,67,3,1,5,14
NFe.Components,NFe,StringExtensions,60,6,1,6,10
NFe.Components,NFe.Components,AttributeTipoAplicacao,87,2,2,3,4
NFe.Components,NFe.Components,CNPJ,65,14,1,4,38
NFe.Components,NFe.Components,ComboElem,91,12,1,0,18
NFe.Components,NFe.Components,Criptografia,65,26,1,14,94
NFe.Components,NFe.Components,DeltreeData,93,5,1,1,6
NFe.Components,NFe.Components,DeltreeMain,65,22,1,11,47
NFe.Components,NFe.Components,DiretorioSalvarComo,73,8,1,1,23
NFe.Components,NFe.Components,EnumDescriptionAttribute,87,2,2,2,4
NFe.Components,NFe.Components,EnumHelper,65,20,1,14,42
NFe.Components,NFe.Components,ErroPadrao,100,0,1,0,0
NFe.Components,NFe.Components,EstadoURLConsultaDFe,93,15,1,0,15
NFe.Components,NFe.Components,FTP,63,150,1,20,466
NFe.Components,NFe.Components,Functions,60,154,1,78,371
NFe.Components,NFe.Components,GetRequest,57,6,2,13,30
NFe.Components,NFe.Components,IBetha,100,8,0,2,0
NFe.Components,NFe.Components,IEmiteNFSe,100,18,0,1,0
NFe.Components,NFe.Components,IEmiteNFSeIPM,100,0,0,1,0
NFe.Components,NFe.Components,IEmiteNFSeSOFTPLAN,100,6,0,1,0
NFe.Components,NFe.Components,IndRatISSQN,100,0,1,1,0
NFe.Components,NFe.Components,InfSchema,92,23,1,0,23
NFe.Components,NFe.Components,IniFile,88,13,1,5,12
NFe.Components,NFe.Components,MsgErro,69,11,1,1,22
NFe.Components,NFe.Components,Municipio,90,16,1,2,23
NFe.Components,NFe.Components,NativeMethods,100,2,1,0,0
NFe.Components,NFe.Components,NFeStrConstants,48,2,1,0,62
NFe.Components,NFe.Components,ObjectXMLSerializer,67,8,1,10,21
NFe.Components,NFe.Components,OrdenacaoPorNome,83,2,1,2,5
NFe.Components,NFe.Components,PadroesDataSource,94,5,1,0,5
NFe.Components,NFe.Components,PadroesNFSe,100,0,1,1,0
NFe.Components,NFe.Components,ParamEnvioXML,94,7,1,0,7
NFe.Components,NFe.Components,PastaEnviados,100,0,1,0,0
NFe.Components,NFe.Components,Propriedade,64,52,1,32,166
NFe.Components,NFe.Components,Propriedade.ExtensaoClass,91,13,1,0,19
NFe.Components,NFe.Components,Propriedade.ExtEnvio,46,2,1,2,59
NFe.Components,NFe.Components,Propriedade.ExtRetorno,50,2,1,2,44
NFe.Components,NFe.Components,Propriedade.TipoEnvio,100,0,1,0,0
NFe.Components,NFe.Components,Proxy,77,6,1,3,7
NFe.Components,NFe.Components,RegTribISSQN,100,0,1,1,0
NFe.Components,NFe.Components,SchemaXML,79,10,1,12,10
NFe.Components,NFe.Components,SchemaXML_CFE,89,2,1,3,2
NFe.Components,NFe.Components,SchemaXML_CTE,55,2,1,4,23
NFe.Components,NFe.Components,SchemaXML_DFE,78,2,1,3,4
NFe.Components,NFe.Components,SchemaXML_EFDReinf,59,2,1,3,17
NFe.Components,NFe.Components,SchemaXML_ESocial,44,2,1,3,48
NFe.Components,NFe.Components,SchemaXML_LMC,88,2,1,4,2
NFe.Components,NFe.Components,SchemaXML_MDFe,59,2,1,4,16
NFe.Components,NFe.Components,SchemaXML_NFe,53,2,1,3,26
NFe.Components,NFe.Components,SecureWebClient,79,2,4,7,6
NFe.Components,NFe.Components,Serializador,71,8,1,7,21
NFe.Components,NFe.Components,ServiceProcess,67,23,1,5,61
NFe.Components,NFe.Components,Servicos,100,0,1,1,0
NFe.Components,NFe.Components,Smf,84,2,1,1,4
NFe.Components,NFe.Components,SmfAuxiliar,100,1,1,0,1
NFe.Components,NFe.Components,TipoAmbiente,100,0,1,1,0
NFe.Components,NFe.Components,TipoAplicativo,100,0,1,1,0
NFe.Components,NFe.Components,TipoArquivoXML,65,121,1,17,153
NFe.Components,NFe.Components,TipoEmissao,100,0,1,1,0
NFe.Components,NFe.Components,TpcnResources,100,0,1,0,0
NFe.Components,NFe.Components,TraceSOAPMessage,76,12,2,14,31
NFe.Components,NFe.Components,URLws,91,103,1,0,104
NFe.Components,NFe.Components,WebServiceNFSe,56,72,1,33,141
NFe.Components,NFe.Components,WebServiceProxy,65,160,1,73,284
NFe.Components,NFe.Components,webServices,92,11,1,1,16
NFe.Components,NFe.Components,XMLIniFile,64,135,1,23,302
NFe.Components,NFe.Components,XMLIniFile.Store,100,0,1,0,0
NFe.Components,NFe.Components.Abstract,EmiteNFSeBase,81,48,1,23,78
NFe.Components,NFe.Components.Abstract,RequestBase,81,9,1,7,13
NFe.Components,NFe.Components.BAURU_SP,Bauru_SP,94,2,3,3,2
NFe.Components,NFe.Components.BAURU_SP,Bauru_SPBase,89,10,2,4,13
NFe.Components,NFe.Components.BAURU_SP.BauruSP.h,BAURU_SPH,71,22,2,25,58
NFe.Components,NFe.Components.BAURU_SP.BauruSP.p,BAURU_SPP,71,22,2,25,58
NFe.Components,NFe.Components.Betha.NewVersion,Betha,91,2,3,2,3
NFe.Components,NFe.Components.Betha.NewVersion,BethaBase,77,11,2,6,27
NFe.Components,NFe.Components.Betha.NewVersion.Ambiente,Homologacao,69,12,2,29,51
NFe.Components,NFe.Components.Betha.NewVersion.Ambiente,IAmbiente,100,8,0,1,0
NFe.Components,NFe.Components.Betha.NewVersion.Ambiente,Producao,71,12,2,29,49
NFe.Components,NFe.Components.Conam,Conam,92,2,3,3,2
NFe.Components,NFe.Components.Conam,ConamBase,81,23,2,4,20
NFe.Components,NFe.Components.Conam.VarginhaMG.h,ConamH,62,75,2,35,130
NFe.Components,NFe.Components.Consist,Consist,91,2,3,3,2
NFe.Components,NFe.Components.Consist,ConsistBase,76,12,2,5,31
NFe.Components,NFe.Components.Consist.PatosdeMinasMG.h,ConsistH,69,24,2,26,65
NFe.Components,NFe.Components.Consist.PatosdeMinasMG.p,ConsistP,69,24,2,26,65
NFe.Components,NFe.Components.Coplan,Coplan,91,2,3,4,2
NFe.Components,NFe.Components.Coplan,CoplanBase,75,18,2,12,30
NFe.Components,NFe.Components.Coplan.CampoNovoParecisMT.h,CoplanH,66,16,2,19,54
NFe.Components,NFe.Components.Coplan.CampoNovoParecisMT.p,CoplanP,66,16,2,19,54
NFe.Components,NFe.Components.Coplan.GuarantaNorteMT.h,CoplanH,66,16,2,19,54
NFe.Components,NFe.Components.Coplan.GuarantaNorteMT.p,CoplanP,66,16,2,19,54
NFe.Components,NFe.Components.Coplan.NovaMutumMT.h,CoplanH,66,16,2,19,54
NFe.Components,NFe.Components.Coplan.NovaMutumMT.p,CoplanP,66,16,2,19,54
NFe.Components,NFe.Components.Coplan.SinopMT.h,CoplanH,66,16,2,19,54
NFe.Components,NFe.Components.Coplan.SinopMT.p,CoplanP,66,16,2,19,54
NFe.Components,NFe.Components.EGoverne,EGoverne,91,2,3,4,2
NFe.Components,NFe.Components.EGoverne,EGoverneBase,77,12,2,6,29
NFe.Components,NFe.Components.EGoverne.CuritibaPR,EGoverneSerialization,59,84,2,48,195
NFe.Components,NFe.Components.EGoverne.CuritibaPR.h,EGoverneH,71,8,3,19,33
NFe.Components,NFe.Components.EGoverne.CuritibaPR.p,EGoverneP,71,7,3,15,30
NFe.Components,NFe.Components.EGoverneISS,EGoverneISS,91,2,3,2,3
NFe.Components,NFe.Components.EGoverneISS,EGoverneISSBase,81,10,2,4,23
NFe.Components,NFe.Components.EGoverneISS.OsascoSP.p,EGoverneISSP,80,10,2,11,20
NFe.Components,NFe.Components.EL,EL,91,2,3,3,2
NFe.Components,NFe.Components.EL,ELBase,73,13,2,6,33
NFe.Components,NFe.Components.EL.ColatinaES.p,ELP,66,19,2,22,68
NFe.Components,NFe.Components.EL.IconhaES.p,ELP,66,19,2,22,68
NFe.Components,NFe.Components.EL.SimoesFilhoBA.p,ELP,65,20,2,23,69
NFe.Components,NFe.Components.Exceptions,AppJaExecutando,86,2,2,1,5
NFe.Components,NFe.Components.Exceptions,ProblemaExecucaoUniNFe,86,2,2,1,5
NFe.Components,NFe.Components.Exceptions,ProblemaLeituraXML,84,2,2,1,5
NFe.Components,NFe.Components.Exceptions,ServicoInexistenteException,97,2,2,1,3
NFe.Components,NFe.Components.Exceptions,ServicoInexistenteHomologacaoException,84,2,2,3,5
NFe.Components,NFe.Components.Fiorilli,Fiorilli,91,2,3,4,2
NFe.Components,NFe.Components.Fiorilli,FiorilliBase,62,38,2,22,64
NFe.Components,NFe.Components.Fiorilli.AssisSP.p,FiorilliP,71,13,2,28,44
NFe.Components,NFe.Components.Fiorilli.AvareSP.h,FiorilliH,71,13,2,28,44
NFe.Components,NFe.Components.Fiorilli.AvareSP.p,FiorilliP,71,13,2,28,44
NFe.Components,NFe.Components.Fiorilli.CorumbaMS.h,FiorilliH,71,13,2,28,44
NFe.Components,NFe.Components.Fiorilli.CorumbaMS.p,FiorilliP,71,13,2,28,44
NFe.Components,NFe.Components.Fiorilli.CosmoramaSP.h,FiorilliH,100,1,1,0,1
NFe.Components,NFe.Components.Fiorilli.CosmoramaSP.p,FiorilliP,71,13,2,28,44
NFe.Components,NFe.Components.Fiorilli.ItaporangaSP.h,FiorilliH,100,1,1,0,1
NFe.Components,NFe.Components.Fiorilli.ItaporangaSP.p,FiorilliP,71,13,2,28,44
NFe.Components,NFe.Components.Fiorilli.JaciSP.h,FiorilliH,71,13,2,28,44
NFe.Components,NFe.Components.Fiorilli.JaciSP.p,FiorilliP,71,13,2,28,44
NFe.Components,NFe.Components.Fiorilli.MacapaAP.h,FiorilliH,71,13,2,28,44
NFe.Components,NFe.Components.Fiorilli.MacapaAP.p,FiorilliP,71,13,2,28,44
NFe.Components,NFe.Components.Fiorilli.MirassolandiaSP.h,FiorilliH,71,13,2,28,44
NFe.Components,NFe.Components.Fiorilli.MirassolandiaSP.p,FiorilliP,71,13,2,28,44
NFe.Components,NFe.Components.Fiorilli.PotirendabaSP.h,FiorilliH,71,13,2,28,44
NFe.Components,NFe.Components.Fiorilli.PotirendabaSP.p,FiorilliP,71,13,2,28,44
NFe.Components,NFe.Components.Fiorilli.SerafinaCorreaRS.h,FiorilliH,71,13,2,28,44
NFe.Components,NFe.Components.Fiorilli.SerafinaCorreaRS.p,FiorilliP,71,13,2,28,44
NFe.Components,NFe.Components.Fiorilli.TaquaraSP.h,FiorilliH,71,13,2,28,44
NFe.Components,NFe.Components.Fiorilli.TaquaraSP.p,FiorilliP,71,13,2,28,44
NFe.Components,NFe.Components.FISSLEX,FISSLEX,91,2,3,3,2
NFe.Components,NFe.Components.FISSLEX,FISSLEXBase,77,11,2,5,28
NFe.Components,NFe.Components.FISSLEX.h,FISSLEXH,61,52,2,37,148
NFe.Components,NFe.Components.FISSLEX.MogiMirimSP.p,FISSLEXP,61,50,2,37,146
NFe.Components,NFe.Components.GovDigital,GovDigital,91,2,3,4,2
NFe.Components,NFe.Components.GovDigital,GovDigitalBase,67,41,2,37,92
NFe.Components,NFe.Components.Interface,IGetRequest,100,1,0,2,0
NFe.Components,NFe.Components.Interface,IPostRequest,100,2,0,4,0
NFe.Components,NFe.Components.Interface,IRequest,100,3,0,2,0
NFe.Components,NFe.Components.Memory,Memory,91,2,3,3,2
NFe.Components,NFe.Components.Memory,MemoryBase,77,11,2,5,28
NFe.Components,NFe.Components.Memory.PonteNovaMG.h,MemoryH,71,15,2,17,40
NFe.Components,NFe.Components.Memory.PonteNovaMG.p,MemoryP,71,15,2,17,40
NFe.Components,NFe.Components.Metropolis,Metropolis,91,2,3,4,2
NFe.Components,NFe.Components.Metropolis,MetropolisBase,77,11,2,6,26
NFe.Components,NFe.Components.Metropolis.LauroDeFreitasBA.h,MetropolisH,71,10,2,16,39
NFe.Components,NFe.Components.Metropolis.LauroDeFreitasBA.p,MetropolisP,71,10,2,16,39
NFe.Components,NFe.Components.MGM,MGM,92,2,3,3,2
NFe.Components,NFe.Components.MGM,MGMBase,77,12,2,5,25
NFe.Components,NFe.Components.MGM,XmlDocumentUtilities,69,23,1,10,47
NFe.Components,NFe.Components.MGM.PenapolisSP.h,MGMH,74,8,2,12,17
NFe.Components,NFe.Components.MGM.PenapolisSP.p,MGMP,67,8,2,15,36
NFe.Components,NFe.Components.Pronin,Pronin,91,2,3,4,2
NFe.Components,NFe.Components.Pronin,ProninBase,67,25,2,16,49
NFe.Components,NFe.Components.Pronin.CachoeiraSulRS.h,ProninH,71,9,2,20,44
NFe.Components,NFe.Components.Pronin.CachoeiraSulRS.p,ProninP,71,9,2,20,44
NFe.Components,NFe.Components.Pronin.CosmopolisSP.p,ProninP,71,9,2,20,44
NFe.Components,NFe.Components.Pronin.GuarapuavaPR.h,ProninH,71,9,2,20,44
NFe.Components,NFe.Components.Pronin.GuarapuavaPR.p,ProninP,71,9,2,20,44
NFe.Components,NFe.Components.Pronin.ItabiraMG.h,ProninH,71,9,2,20,44
NFe.Components,NFe.Components.Pronin.ItabiraMG.p,ProninP,71,9,2,20,44
NFe.Components,NFe.Components.Pronin.VacariRS.h,ProninH,71,9,2,20,44
NFe.Components,NFe.Components.Pronin.VacariRS.p,ProninP,71,9,2,20,44
NFe.Components,NFe.Components.Pronin.VeraCruzRS.p,ProninP,71,9,2,20,44
NFe.Components,NFe.Components.Pronin.ViamaoRS.h,ProninH,71,9,2,20,44
NFe.Components,NFe.Components.Pronin.ViamaoRS.p,ProninP,71,9,2,20,44
NFe.Components,NFe.Components.QRCode,QRCode,74,42,1,13,85
NFe.Components,NFe.Components.RLZ_INFORMATICA,Rlz_Informatica,94,2,3,3,2
NFe.Components,NFe.Components.RLZ_INFORMATICA,Rlz_InformaticaBase,82,12,2,5,21
NFe.Components,NFe.Components.RLZ_INFORMATICA.SantaFeDoSul.h,Rlz_InformaticaH,80,11,2,10,29
NFe.Components,NFe.Components.RLZ_INFORMATICA.SantaFeDoSul.p,Rlz_InformaticaP,80,11,2,10,29
NFe.Components,NFe.Components.SigCorp,SigCorp,94,2,3,3,2
NFe.Components,NFe.Components.SigCorp,SigCorpBase,65,36,2,23,57
NFe.Components,NFe.Components.SigCorp.BarretosSP.h,SigCorpH,71,23,2,24,57
NFe.Components,NFe.Components.SigCorp.BarretosSP.p,SigCorpP,71,23,2,24,57
NFe.Components,NFe.Components.SigCorp.BotucatuSP.h,SigCorpH,71,22,2,26,58
NFe.Components,NFe.Components.SigCorp.BotucatuSP.p,SigCorpP,71,22,2,26,58
NFe.Components,NFe.Components.SigCorp.CianortePR.h,SigCorpH,75,22,2,16,42
NFe.Components,NFe.Components.SigCorp.CianortePR.p,SigCorpP,71,20,2,23,50
NFe.Components,NFe.Components.SigCorp.GovernadorValadaresMG.h,SigCorpH,71,23,2,25,58
NFe.Components,NFe.Components.SigCorp.GovernadorValadaresMG.p,SigCorpP,71,23,2,25,58
NFe.Components,NFe.Components.SigCorp.IgarapeMG.h,SigCorpH,71,20,2,24,54
NFe.Components,NFe.Components.SigCorp.IgarapeMG.p,SigCorpP,71,20,2,24,54
NFe.Components,NFe.Components.SigCorp.LondrinaPR.h,SigCorpH,71,23,2,24,57
NFe.Components,NFe.Components.SigCorp.LondrinaPR.p,SigCorpP,71,22,2,24,57
NFe.Components,NFe.Components.SigCorp.MariliaSP.h,SigCorpH,71,22,2,25,58
NFe.Components,NFe.Components.SigCorp.MariliaSP.p,SigCorpP,71,22,2,25,58
NFe.Components,NFe.Components.SigCorp.MogiGuacuSP.h,SigCorpH,71,23,2,24,57
NFe.Components,NFe.Components.SigCorp.MogiGuacuSP.h,WebInvokeAttribute,100,1,2,1,1
NFe.Components,NFe.Components.SigCorp.MogiGuacuSP.h,WebMessageFormat,100,1,1,0,1
NFe.Components,NFe.Components.SigCorp.MogiGuacuSP.p,SigCorpP,71,23,2,24,57
NFe.Components,NFe.Components.SigCorp.RioGrandeRS.h,SigCorpH,71,22,2,25,59
NFe.Components,NFe.Components.SigCorp.RioGrandeRS.p,SigCorpP,71,22,2,25,59
NFe.Components,NFe.Components.SigCorp.SaoGoncaloRJ.p,SigCorpP,68,22,2,25,60
NFe.Components,NFe.Components.SigCorp.TremembeSP.p,SigCorpP,71,22,2,25,58
NFe.Components,NFe.Components.SimplISS,SimplISS,91,2,3,2,3
NFe.Components,NFe.Components.SimplISS,SimplISSBase,66,26,2,17,54
NFe.Components,NFe.Components.SimplISS.AndiraPR.p,SimplISSP,73,9,2,23,31
NFe.Components,NFe.Components.SimplISS.ArarasSP.p,SimplISSP,70,11,2,27,39
NFe.Components,NFe.Components.SimplISS.AstorgaPR.p,SimplISSP,70,11,2,27,39
NFe.Components,NFe.Components.SimplISS.BalnearioCamboriu.h,SimplISSH,73,9,2,23,31
NFe.Components,NFe.Components.SimplISS.BalnearioCamboriu.p,SimplISSP,73,9,2,23,31
NFe.Components,NFe.Components.SimplISS.EmbuDasArtesSP.p,SimplISSP,73,9,2,23,31
NFe.Components,NFe.Components.SimplISS.Homologacao,SimplISSH,70,11,2,27,39
NFe.Components,NFe.Components.SimplISS.IguatamaMG.p,SimplISSP,73,9,2,23,31
NFe.Components,NFe.Components.SimplISS.MacaraiSP.p,SimplISSP,70,11,2,27,39
NFe.Components,NFe.Components.SimplISS.ParaguacuPaulistaSP.p,SimplISSP,70,11,2,27,39
NFe.Components,NFe.Components.SimplISS.PatrocinioMG.h,SimplISSH,73,9,2,23,31
NFe.Components,NFe.Components.SimplISS.PatrocinioMG.p,SimplISSP,73,9,2,23,31
NFe.Components,NFe.Components.SimplISS.PiracicabaSP.h,SimplISSH,73,9,2,23,31
NFe.Components,NFe.Components.SimplISS.PiracicabaSP.p,SimplISSP,70,11,2,27,39
NFe.Components,NFe.Components.SimplISS.PresidentePrudenteSP.h,SimplISSH,73,9,2,23,31
NFe.Components,NFe.Components.SimplISS.PresidentePrudenteSP.p,SimplISSP,73,9,2,23,31
NFe.Components,NFe.Components.SimplISS.VoltaRedondaRJ.h,SimplISSH,73,9,2,23,31
NFe.Components,NFe.Components.SimplISS.VoltaRedondaRJ.p,SimplISSP,73,9,2,23,31
NFe.Components,NFe.Components.SOFTPLAN,SOFTPLAN,74,29,2,24,63
NFe.Components,NFe.Components.SOFTPLAN,Token,93,11,1,1,11
NFe.Components,NFe.Components.SystemPro,SystemPro,94,2,3,4,2
NFe.Components,NFe.Components.SystemPro,SystemProBase,76,17,2,15,40
NFe.Components,NFe.Components.Tinus,Tinus,91,2,3,4,2
NFe.Components,NFe.Components.Tinus,TinusBase,77,12,2,6,28
NFe.Components,NFe.Components.Tinus.JaboataodDosGuararapesPE.h,TinusH,68,8,2,27,41
NFe.Components,NFe.Components.Tinus.JaboataodDosGuararapesPE.p,TinusP,68,8,2,27,41
NFe.Components,NFe.Exceptions,ExceptionCNPJInvalido,84,2,2,1,5
NFe.Components,NFSe.Components,Betha,62,17,1,16,103
NFe.Components,NFSe.Components,IPM,76,27,2,14,37
NFe.Components,NFSe.Components,POSTRequest,44,22,2,30,105
NFe.Components,NFSe.Components,SchemaXMLNFSe,100,2,1,0,1
NFe.Components,NFSe.Components,SchemaXMLNFSe_ABACO,63,2,1,3,13
NFe.Components,NFSe.Components,SchemaXMLNFSe_ABASE,71,2,1,3,7
NFe.Components,NFSe.Components,SchemaXMLNFSe_AVMB_ASTEN,67,2,1,3,9
NFe.Components,NFSe.Components,SchemaXMLNFSe_BAURU_SP,77,2,1,3,5
NFe.Components,NFSe.Components,SchemaXMLNFSe_BETHA,61,2,1,3,14
NFe.Components,NFSe.Components,SchemaXMLNFSe_BHISS,68,2,1,3,8
NFe.Components,NFSe.Components,SchemaXMLNFSe_BLUMENAU_SC,71,2,1,3,7
NFe.Components,NFSe.Components,SchemaXMLNFSe_BSITBR,72,2,1,3,6
NFe.Components,NFSe.Components,SchemaXMLNFSe_CAMACARI_BA,72,2,1,3,6
NFe.Components,NFSe.Components,SchemaXMLNFSe_CARIOCA,68,2,1,3,8
NFe.Components,NFSe.Components,SchemaXMLNFSe_COPLAN,71,2,1,3,7
NFe.Components,NFSe.Components,SchemaXMLNFSe_DBSELLER,72,2,1,3,6
NFe.Components,NFSe.Components,SchemaXMLNFSe_DESENVOLVECIDADE,67,2,1,3,9
NFe.Components,NFSe.Components,SchemaXMLNFSe_DSF,71,2,1,3,7
NFe.Components,NFSe.Components,SchemaXMLNFSe_DUETO,71,2,1,3,7
NFe.Components,NFSe.Components,SchemaXMLNFSe_E_GOVERNE,71,2,1,3,7
NFe.Components,NFSe.Components,SchemaXMLNFSe_E_L,87,2,1,3,2
NFe.Components,NFSe.Components,SchemaXMLNFSe_EMBRAS,67,2,1,3,9
NFe.Components,NFSe.Components,SchemaXMLNFSe_EQUIPLANO,71,2,1,3,7
NFe.Components,NFSe.Components,SchemaXMLNFSe_FINTEL,57,2,1,3,18
NFe.Components,NFSe.Components,SchemaXMLNFSe_FIORILLI,71,2,1,3,7
NFe.Components,NFSe.Components,SchemaXMLNFSe_FISSLEX,71,2,1,3,7
NFe.Components,NFSe.Components,SchemaXMLNFSe_FREIRE_INFORMATICA,71,2,1,3,7
NFe.Components,NFSe.Components,SchemaXMLNFSe_GIF,51,2,1,3,30
NFe.Components,NFSe.Components,SchemaXMLNFSe_GINFES,56,2,1,3,21
NFe.Components,NFSe.Components,SchemaXMLNFSe_GOIANIA,86,2,1,3,3
NFe.Components,NFSe.Components,SchemaXMLNFSe_GOVDIGITAL,71,2,1,3,7
NFe.Components,NFSe.Components,SchemaXMLNFSe_INTERSOL,71,2,1,3,7
NFe.Components,NFSe.Components,SchemaXMLNFSe_ISSNet,68,2,1,3,9
NFe.Components,NFSe.Components,SchemaXMLNFSe_ISSOnLine_AcessorPublico,88,2,1,3,2
NFe.Components,NFSe.Components,SchemaXMLNFSe_ISSONLINE4R,77,2,1,3,4
NFe.Components,NFSe.Components,SchemaXMLNFSe_ISSWEB,78,2,1,3,4
NFe.Components,NFSe.Components,SchemaXMLNFSe_JOINVILLE_SC,71,2,1,3,7
NFe.Components,NFSe.Components,SchemaXMLNFSe_LEXSOM,71,2,1,3,7
NFe.Components,NFSe.Components,SchemaXMLNFSe_MANAUS_AM,72,2,1,3,6
NFe.Components,NFSe.Components,SchemaXMLNFSe_MARINGA_PR,71,2,1,3,7
NFe.Components,NFSe.Components,SchemaXMLNFSe_METROPOLIS,71,2,1,3,7
NFe.Components,NFSe.Components,SchemaXMLNFSe_NA_INFORMATICA,68,2,1,3,8
NFe.Components,NFSe.Components,SchemaXMLNFSe_NATALENSE,71,2,1,3,7
NFe.Components,NFSe.Components,SchemaXMLNFSe_NOTAINTELIGENTE,77,2,1,3,4
NFe.Components,NFSe.Components,SchemaXMLNFSe_PAULISTANA,68,2,1,3,8
NFe.Components,NFSe.Components,SchemaXMLNFSe_PORTALFACIL_ACTCON,65,2,1,3,10
NFe.Components,NFSe.Components,SchemaXMLNFSe_PORTALFACIL_ACTCON_202,71,2,1,3,7
NFe.Components,NFSe.Components,SchemaXMLNFSe_PORTOVELHENSE,71,2,1,3,7
NFe.Components,NFSe.Components,SchemaXMLNFSe_PRODATA,76,2,1,3,5
NFe.Components,NFSe.Components,SchemaXMLNFSe_PRONIN,62,2,1,3,13
NFe.Components,NFSe.Components,SchemaXMLNFSe_PUBLICA,72,2,1,3,7
NFe.Components,NFSe.Components,SchemaXMLNFSe_SALVADOR_BA,71,2,1,3,7
NFe.Components,NFSe.Components,SchemaXMLNFSe_SH3,72,2,1,3,6
NFe.Components,NFSe.Components,SchemaXMLNFSe_SIGCORP_SIGISS,88,2,1,3,2
NFe.Components,NFSe.Components,SchemaXMLNFSe_SIMPLISS,85,2,1,3,3
NFe.Components,NFSe.Components,SchemaXMLNFSe_SMARAPD,86,2,1,3,3
NFe.Components,NFSe.Components,SchemaXMLNFSe_SOFTPLAN,78,2,1,3,4
NFe.Components,NFSe.Components,SchemaXMLNFSe_SUPERNOVA,71,2,1,3,7
NFe.Components,NFSe.Components,SchemaXMLNFSe_SYSTEMPRO,78,2,1,3,4
NFe.Components,NFSe.Components,SchemaXMLNFSe_TECNOSISTEMAS,68,2,1,3,8
NFe.Components,NFSe.Components,SchemaXMLNFSe_THEMA,71,2,1,3,7
NFe.Components,NFSe.Components,SchemaXMLNFSe_TINUS,85,2,1,3,3
NFe.Components,NFSe.Components,SchemaXMLNFSe_TIPLAN,71,2,1,3,7
NFe.Components,NFSe.Components,SchemaXMLNFSe_VITORIA_ES,72,2,1,3,6
NFe.Components,NFSe.Components,SchemaXMLNFSe_VVISS,68,2,1,3,8
NFe.Components,NFSe.Components,SchemaXMLNFSe_WebISS,61,2,1,3,14
NFe.Components,NFSe.Components.Excpetions,ServicoInexistenteIPMException,97,2,3,1,3
NFe.Components.Info,NFe.Components.Info,Aplicacao,39,51,1,33,176
NFe.ConvertTxt,NFe.ConvertTxt,Adi,100,1,1,0,1
NFe.ConvertTxt,NFe.ConvertTxt,Arma,100,1,1,1,1
NFe.ConvertTxt,NFe.ConvertTxt,autXML,94,5,1,0,5
NFe.ConvertTxt,NFe.ConvertTxt,Avulsa,100,1,1,1,1
NFe.ConvertTxt,NFe.ConvertTxt,Cana,70,1,1,4,6
NFe.ConvertTxt,NFe.ConvertTxt,CIDE,100,0,1,0,0
NFe.ConvertTxt,NFe.ConvertTxt,Cobr,86,1,1,3,2
NFe.ConvertTxt,NFe.ConvertTxt,COFINS,100,0,1,0,0
NFe.ConvertTxt,NFe.ConvertTxt,COFINSST,100,0,1,0,0
NFe.ConvertTxt,NFe.ConvertTxt,Comb,100,0,1,2,0
NFe.ConvertTxt,NFe.ConvertTxt,Compra,100,0,1,0,0
NFe.ConvertTxt,NFe.ConvertTxt,ConversaoTXT,31,554,1,105,1357
NFe.ConvertTxt,NFe.ConvertTxt,deduc,100,1,1,0,1
NFe.ConvertTxt,NFe.ConvertTxt,Dest,75,1,1,2,4
NFe.ConvertTxt,NFe.ConvertTxt,Det,75,1,1,3,4
NFe.ConvertTxt,NFe.ConvertTxt,detExport,86,1,1,1,2
NFe.ConvertTxt,NFe.ConvertTxt,DI,86,1,1,5,2
NFe.ConvertTxt,NFe.ConvertTxt,Dup,100,1,1,1,1
NFe.ConvertTxt,NFe.ConvertTxt,Emit,92,21,1,2,24
NFe.ConvertTxt,NFe.ConvertTxt,Encerrante,100,0,1,0,0
NFe.ConvertTxt,NFe.ConvertTxt,enderDest,81,1,1,0,2
NFe.ConvertTxt,NFe.ConvertTxt,enderEmit,92,23,1,0,24
NFe.ConvertTxt,NFe.ConvertTxt,Entrega,100,1,1,0,1
NFe.ConvertTxt,NFe.ConvertTxt,Exporta,100,0,1,0,0
NFe.ConvertTxt,NFe.ConvertTxt,exportInd,100,1,1,0,1
NFe.ConvertTxt,NFe.ConvertTxt,Fat,100,0,1,0,0
NFe.ConvertTxt,NFe.ConvertTxt,fordia,100,1,1,1,1
NFe.ConvertTxt,NFe.ConvertTxt,ICMS,100,0,1,4,0
NFe.ConvertTxt,NFe.ConvertTxt,ICMSTot,100,0,1,0,0
NFe.ConvertTxt,NFe.ConvertTxt,ICMSUFDest,100,0,1,0,0
NFe.ConvertTxt,NFe.ConvertTxt,Ide,91,55,1,14,64
NFe.ConvertTxt,NFe.ConvertTxt,II,100,0,1,0,0
NFe.ConvertTxt,NFe.ConvertTxt,Imposto,86,1,1,11,2
NFe.ConvertTxt,NFe.ConvertTxt,impostoDevol,100,1,1,0,1
NFe.ConvertTxt,NFe.ConvertTxt,InfAdic,75,1,1,4,4
NFe.ConvertTxt,NFe.ConvertTxt,infNFe,100,0,1,1,0
NFe.ConvertTxt,NFe.ConvertTxt,IPI,100,0,1,0,0
NFe.ConvertTxt,NFe.ConvertTxt,ISSQN,100,0,1,1,0
NFe.ConvertTxt,NFe.ConvertTxt,ISSQNtot,100,0,1,2,0
NFe.ConvertTxt,NFe.ConvertTxt,Lacres,100,1,1,0,1
NFe.ConvertTxt,NFe.ConvertTxt,Med,100,1,1,1,1
NFe.ConvertTxt,NFe.ConvertTxt,NFe,90,29,1,21,45
NFe.ConvertTxt,NFe.ConvertTxt,nfeRead,47,227,1,98,702
NFe.ConvertTxt,NFe.ConvertTxt,NFeW,41,695,1,117,1458
NFe.ConvertTxt,NFe.ConvertTxt,NFref,92,12,1,3,18
NFe.ConvertTxt,NFe.ConvertTxt,ObOp,100,0,1,0,0
NFe.ConvertTxt,NFe.ConvertTxt,obsCont,100,1,1,0,1
NFe.ConvertTxt,NFe.ConvertTxt,obsFisco,100,1,1,0,1
NFe.ConvertTxt,NFe.ConvertTxt,pag,76,1,1,3,4
NFe.ConvertTxt,NFe.ConvertTxt,PIS,100,0,1,0,0
NFe.ConvertTxt,NFe.ConvertTxt,PISST,100,0,1,0,0
NFe.ConvertTxt,NFe.ConvertTxt,procRef,100,1,1,0,1
NFe.ConvertTxt,NFe.ConvertTxt,Prod,90,9,1,11,17
NFe.ConvertTxt,NFe.ConvertTxt,protNFe,100,1,1,2,1
NFe.ConvertTxt,NFe.ConvertTxt,qrCode,92,23,1,3,23
NFe.ConvertTxt,NFe.ConvertTxt,Rastro,93,11,1,1,11
NFe.ConvertTxt,NFe.ConvertTxt,Reboque,100,1,1,0,1
NFe.ConvertTxt,NFe.ConvertTxt,refECF,94,7,1,0,7
NFe.ConvertTxt,NFe.ConvertTxt,refNF,93,13,1,0,13
NFe.ConvertTxt,NFe.ConvertTxt,refNFP,92,17,1,0,18
NFe.ConvertTxt,NFe.ConvertTxt,Retirada,100,1,1,0,1
NFe.ConvertTxt,NFe.ConvertTxt,retTransp,100,0,1,0,0
NFe.ConvertTxt,NFe.ConvertTxt,retTrib,100,0,1,0,0
NFe.ConvertTxt,NFe.ConvertTxt,Total,100,0,1,3,0
NFe.ConvertTxt,NFe.ConvertTxt,TpcnBandeiraCartao,100,0,1,1,0
NFe.ConvertTxt,NFe.ConvertTxt,TpcnCondicaoVeiculo,100,0,1,0,0
NFe.ConvertTxt,NFe.ConvertTxt,TpcnConsumidorFinal,100,0,1,0,0
NFe.ConvertTxt,NFe.ConvertTxt,TpcnCRT,100,0,1,0,0
NFe.ConvertTxt,NFe.ConvertTxt,TpcnCSTIcms,100,0,1,0,0
NFe.ConvertTxt,NFe.ConvertTxt,TpcnDestinoOperacao,100,0,1,0,0
NFe.ConvertTxt,NFe.ConvertTxt,TpcnDeterminacaoBaseIcms,100,0,1,0,0
NFe.ConvertTxt,NFe.ConvertTxt,TpcnDeterminacaoBaseIcmsST,100,0,1,0,0
NFe.ConvertTxt,NFe.ConvertTxt,TpcnECFModRef,100,0,1,0,0
NFe.ConvertTxt,NFe.ConvertTxt,TpcnFinalidadeNFe,100,0,1,0,0
NFe.ConvertTxt,NFe.ConvertTxt,TpcnFormaPagamento,100,0,1,1,0
NFe.ConvertTxt,NFe.ConvertTxt,TpcnIndicadorEscala,100,0,1,1,0
NFe.ConvertTxt,NFe.ConvertTxt,TpcnIndicadorPagamento,100,0,1,0,0
NFe.ConvertTxt,NFe.ConvertTxt,TpcnIndicadorTotal,100,0,1,0,0
NFe.ConvertTxt,NFe.ConvertTxt,TpcnindIEDest,100,0,1,0,0
NFe.ConvertTxt,NFe.ConvertTxt,TpcnindISS,100,0,1,0,0
NFe.ConvertTxt,NFe.ConvertTxt,TpcnMod,100,0,1,0,0
NFe.ConvertTxt,NFe.ConvertTxt,TpcnModalidadeFrete,100,0,1,1,0
NFe.ConvertTxt,NFe.ConvertTxt,TpcnOrigemMercadoria,100,0,1,0,0
NFe.ConvertTxt,NFe.ConvertTxt,TpcnPresencaComprador,100,0,1,1,0
NFe.ConvertTxt,NFe.ConvertTxt,TpcnProcessoEmissao,100,0,1,0,0
NFe.ConvertTxt,NFe.ConvertTxt,TpcnRegimeTributario,100,0,1,0,0
NFe.ConvertTxt,NFe.ConvertTxt,TpcnTipoArma,100,0,1,0,0
NFe.ConvertTxt,NFe.ConvertTxt,TpcnTipoAutor,100,0,1,0,0
NFe.ConvertTxt,NFe.ConvertTxt,TpcnTipoCampo,100,0,1,0,0
NFe.ConvertTxt,NFe.ConvertTxt,TpcnTipoImpressao,100,0,1,0,0
NFe.ConvertTxt,NFe.ConvertTxt,TpcnTipoIntermedio,100,0,1,1,0
NFe.ConvertTxt,NFe.ConvertTxt,TpcnTipoNFe,100,0,1,0,0
NFe.ConvertTxt,NFe.ConvertTxt,TpcnTipoOperacao,100,0,1,0,0
NFe.ConvertTxt,NFe.ConvertTxt,TpcnTipoViaTransp,100,0,1,1,0
NFe.ConvertTxt,NFe.ConvertTxt,tpEventos,100,0,1,1,0
NFe.ConvertTxt,NFe.ConvertTxt,Transp,79,1,1,7,3
NFe.ConvertTxt,NFe.ConvertTxt,Transporta,100,0,1,0,0
NFe.ConvertTxt,NFe.ConvertTxt,txtTOxmlClassRetorno,92,9,1,0,13
NFe.ConvertTxt,NFe.ConvertTxt,veicProd,100,0,1,0,0
NFe.ConvertTxt,NFe.ConvertTxt,veicTransp,100,0,1,0,0
NFe.ConvertTxt,NFe.ConvertTxt,versoes,54,1,1,0,21
NFe.ConvertTxt,NFe.ConvertTxt,Vol,86,1,1,2,2
NFe.SAT,NFe.SAT,SATProxy,57,37,1,33,78
NFe.SAT,NFe.SAT.Abstract.Servico,ServicoBase,81,17,1,17,30
NFe.SAT,NFe.SAT.Contract,IServico,100,4,0,0,0
NFe.SAT,NFe.SAT.Conversao,ConverterNFCe,55,91,1,54,166
NFe.SAT,NFe.SAT.Enum,TipoTpessoa,100,0,1,0,0
NFe.SAT,NFe.SAT.Servico.Envio,AssociarAssinatura,70,5,2,14,25
NFe.SAT,NFe.SAT.Servico.Envio,AtivarSAT,69,5,2,15,27
NFe.SAT,NFe.SAT.Servico.Envio,BloquearSAT,73,5,2,14,21
NFe.SAT,NFe.SAT.Servico.Envio,CancelarUltimaVenda,67,6,2,18,30
NFe.SAT,NFe.SAT.Servico.Envio,ConfigurarInterfaceDeRede,72,5,2,14,23
NFe.SAT,NFe.SAT.Servico.Envio,ConsultarNumeroSessao,70,5,2,15,25
NFe.SAT,NFe.SAT.Servico.Envio,ConsultarSAT,72,5,2,15,23
NFe.SAT,NFe.SAT.Servico.Envio,ConsultarStatusOperacional,72,5,2,13,23
NFe.SAT,NFe.SAT.Servico.Envio,ConverterSAT,76,7,2,11,21
NFe.SAT,NFe.SAT.Servico.Envio,DesbloquearSAT,73,5,2,14,21
NFe.SAT,NFe.SAT.Servico.Envio,EnviarDadosVenda,69,6,2,15,27
NFe.SAT,NFe.SAT.Servico.Envio,ExtrairLogs,72,5,2,13,23
NFe.SAT,NFe.SAT.Servico.Envio,TesteFimAFim,72,5,2,14,23
NFe.SAT,NFe.SAT.Servico.Envio,TrocarCodigoDeAtivacao,72,5,2,13,23
NFe.Service,NFe.Exceptions,ExceptionEnvioXML,91,4,2,3,6
NFe.Service,NFe.Exceptions,ExceptionSemInternet,91,4,2,3,6
NFe.Service,NFe.Service,ArquivoXMLDFe,100,1,1,1,1
NFe.Service,NFe.Service,ConverterTXT,39,12,1,15,44
NFe.Service,NFe.Service,DadosConsCad,92,15,1,1,19
NFe.Service,NFe.Service,DadosConsultaNFeDest,93,13,1,0,13
NFe.Service,NFe.Service,DadosenvDownload,94,7,1,0,7
NFe.Service,NFe.Service,DadosenvEvento,92,7,1,2,9
NFe.Service,NFe.Service,DadosEnvLoteRps,90,7,1,3,10
NFe.Service,NFe.Service,DadosLMC,93,11,1,1,11
NFe.Service,NFe.Service,DadosNFeClass,92,29,1,1,29
NFe.Service,NFe.Service,DadosPedCanNfse,90,7,1,3,10
NFe.Service,NFe.Service,DadosPedInut,92,23,1,3,25
NFe.Service,NFe.Service,DadosPedLoteRps,91,13,1,3,16
NFe.Service,NFe.Service,DadosPedRecClass,93,13,1,0,13
NFe.Service,NFe.Service,DadosPedSeqLoteNotaRPS,90,7,1,3,10
NFe.Service,NFe.Service,DadosPedSit,91,14,1,1,19
NFe.Service,NFe.Service,DadosPedSitLoteRps,90,7,1,3,10
NFe.Service,NFe.Service,DadosPedSitNfse,90,7,1,3,10
NFe.Service,NFe.Service,DadosPedSitNfseRps,90,7,1,3,10
NFe.Service,NFe.Service,DadosPedSta,93,11,1,0,11
NFe.Service,NFe.Service,DadosPedURLNfse,90,7,1,3,10
NFe.Service,NFe.Service,DadosRecClass,94,9,1,0,9
NFe.Service,NFe.Service,distDFeInt,93,15,1,0,15
NFe.Service,NFe.Service,enderConsCadInf,93,15,1,0,15
NFe.Service,NFe.Service,Evento,91,48,1,5,56
NFe.Service,NFe.Service,EventoDestinatario,92,17,1,0,18
NFe.Service,NFe.Service,EventoEPEC,92,15,1,3,17
NFe.Service,NFe.Service,FluxoNfe,52,121,1,32,410
NFe.Service,NFe.Service,FluxoNfe.ElementoEditavel,100,0,1,0,0
NFe.Service,NFe.Service,FluxoNfe.ElementoFixo,100,0,1,0,0
NFe.Service,NFe.Service,FluxoNfeLock,100,1,1,0,1
NFe.Service,NFe.Service,GerarXML,49,507,1,71,1392
NFe.Service,NFe.Service,infCad,92,31,1,2,32
NFe.Service,NFe.Service,InvocarObjeto,36,89,1,40,191
NFe.Service,NFe.Service,ItemPedido,94,9,1,0,9
NFe.Service,NFe.Service,ITextEvents,58,9,2,17,73
NFe.Service,NFe.Service,LerXML,53,41,1,14,112
NFe.Service,NFe.Service,Municipio,90,12,1,1,18
NFe.Service,NFe.Service,NFeEmProcessamento,43,22,1,25,67
NFe.Service,NFe.Service,ParametroThread,93,5,1,1,7
NFe.Service,NFe.Service,Processar,45,432,1,110,810
NFe.Service,NFe.Service,ProrrogacaoICMS,94,5,1,0,5
NFe.Service,NFe.Service,ReciboCons,84,1,1,1,2
NFe.Service,NFe.Service,RespCancPedido,94,7,1,0,7
NFe.Service,NFe.Service,RespPedido,93,5,1,2,6
NFe.Service,NFe.Service,RetConsCad,92,19,1,3,20
NFe.Service,NFe.Service,TaskAbst,41,650,1,58,1320
NFe.Service,NFe.Service,TaskCadastroContribuinte,55,18,2,26,58
NFe.Service,NFe.Service,TaskConsultarLoteeSocial,56,7,2,17,27
NFe.Service,NFe.Service,TaskConsultarLoteReinf,56,7,2,17,27
NFe.Service,NFe.Service,TaskCTeAssinarValidar,97,2,2,1,2
NFe.Service,NFe.Service,TaskCTeConsultaSituacao,36,135,2,30,117
NFe.Service,NFe.Service,TaskCTeConsultaStatus,58,5,2,14,24
NFe.Service,NFe.Service,TaskCTeEventos,52,22,2,30,71
NFe.Service,NFe.Service,TaskCTeInutilizacao,54,16,2,30,63
NFe.Service,NFe.Service,TaskCTeMontarLoteUm,59,10,2,10,25
NFe.Service,NFe.Service,TaskCTeMontarLoteVarias,49,13,2,24,46
NFe.Service,NFe.Service,TaskCTeRecepcao,51,21,2,33,72
NFe.Service,NFe.Service,TaskCTeRecepcaoOS,38,109,2,35,110
NFe.Service,NFe.Service,TaskCTeRetRecepcao,48,118,2,33,138
NFe.Service,NFe.Service,TaskDanfe,43,43,2,21,55
NFe.Service,NFe.Service,TaskDanfeContingencia,70,5,2,9,10
NFe.Service,NFe.Service,TaskDanfeReport,48,16,2,20,47
NFe.Service,NFe.Service,TaskDFeRecepcao,59,50,2,28,133
NFe.Service,NFe.Service,TaskDFeRecepcaoCTe,95,2,3,2,3
NFe.Service,NFe.Service,TaskLayouts,50,30,2,32,102
NFe.Service,NFe.Service,TaskLMCAutorizacao,54,16,2,27,47
NFe.Service,NFe.Service,TaskMDFeAssinarValidar,97,2,2,1,2
NFe.Service,NFe.Service,TaskMDFeConsNaoEncerrado,55,7,2,23,29
NFe.Service,NFe.Service,TaskMDFeConsultaSituacao,40,102,2,29,95
NFe.Service,NFe.Service,TaskMDFeConsultaStatus,58,5,2,14,24
NFe.Service,NFe.Service,TaskMDFeEventos,52,20,2,29,69
NFe.Service,NFe.Service,TaskMDFeMontarLoteUm,59,10,2,10,25
NFe.Service,NFe.Service,TaskMDFeMontarLoteVarias,49,13,2,24,46
NFe.Service,NFe.Service,TaskMDFeRecepcao,51,21,2,33,72
NFe.Service,NFe.Service,TaskMDFeRetRecepcao,48,114,2,33,139
NFe.Service,NFe.Service,TaskNFeAssinarValidar,97,2,2,1,2
NFe.Service,NFe.Service,TaskNFeConsultaSituacao,37,153,2,34,147
NFe.Service,NFe.Service,TaskNFeConsultaStatus,57,12,2,20,38
NFe.Service,NFe.Service,TaskNFeDownload,48,39,2,33,91
NFe.Service,NFe.Service,TaskNFeEventos,26,203,2,44,302
NFe.Service,NFe.Service,TaskNFeGerarXMLPedRec,100,2,2,1,1
NFe.Service,NFe.Service,TaskNFeInutilizacao,49,25,2,30,86
NFe.Service,NFe.Service,TaskNFeMontarLoteUmaNFe,59,10,2,10,25
NFe.Service,NFe.Service,TaskNFeMontarLoteVarias,45,18,2,27,62
NFe.Service,NFe.Service,TaskNFeRecepcao,53,37,2,33,111
NFe.Service,NFe.Service,TaskNFeRetRecepcao,52,144,2,33,165
NFe.Service,NFe.Service,TaskRecepcaoLoteeSocial,60,8,2,18,30
NFe.Service,NFe.Service,TaskRecepcaoLoteReinf,60,8,2,18,30
NFe.Service,NFe.Service,TaskValidar,55,12,2,11,24
NFe.Service,NFe.Service,TaskWSExiste,30,87,2,30,138
NFe.Service,NFe.Service,TaskWSExiste.pedidoWSExiste,94,9,1,0,9
NFe.Service,NFe.Service,TFunctions,48,306,1,64,557
NFe.Service,NFe.Service.NFSe,TaskCancelarCfse,52,10,2,20,37
NFe.Service,NFe.Service.NFSe,TaskConfigurarTerminalCfse,51,10,2,19,39
NFe.Service,NFe.Service.NFSe,TaskConsultarCfse,52,10,2,20,36
NFe.Service,NFe.Service.NFSe,TaskConsultarDadosCadastroCfse,51,10,2,19,39
NFe.Service,NFe.Service.NFSe,TaskConsultarLoteCfse,52,10,2,21,37
NFe.Service,NFe.Service.NFSe,TaskConsultarNfsePDF,53,12,2,25,51
NFe.Service,NFe.Service.NFSe,TaskConsultarNfsePNG,56,6,2,20,26
NFe.Service,NFe.Service.NFSe,TaskConsultaSequenciaLoteNotaRPS,57,11,2,19,36
NFe.Service,NFe.Service.NFSe,TaskEnviarInformeManutencaoCfse,51,10,2,19,39
NFe.Service,NFe.Service.NFSe,TaskInformeTrasmissaoSemMovimentoCfse,51,10,2,19,39
NFe.Service,NFe.Service.NFSe,TaskInutilizarNfse,56,6,2,20,26
NFe.Service,NFe.Service.NFSe,TaskNFSeCancelar,36,75,2,69,201
NFe.Service,NFe.Service.NFSe,TaskNFSeConsultar,34,68,2,67,171
NFe.Service,NFe.Service.NFSe,TaskNFSeConsultarLoteRps,28,66,2,60,163
NFe.Service,NFe.Service.NFSe,TaskNFSeConsultarPorRps,30,63,2,54,153
NFe.Service,NFe.Service.NFSe,TaskNFSeConsultarURL,61,7,2,19,27
NFe.Service,NFe.Service.NFSe,TaskNFSeConsultarURLSerie,61,7,2,19,27
NFe.Service,NFe.Service.NFSe,TaskNFSeConsultaSituacaoLoteRps,41,55,2,43,110
NFe.Service,NFe.Service.NFSe,TaskNFSeRecepcionarLoteRps,33,88,2,70,249
NFe.Service,NFe.Service.NFSe,TaskObterNotaFiscal,56,6,2,20,26
NFe.Service,NFe.Service.NFSe,TaskRecepcionarLoteCfse,51,10,2,20,38
NFe.Service,NFe.Service.NFSe,TaskSubstituirNfse,52,9,2,21,37
NFe.Settings,NFe.Settings,ArquivoItem,100,1,1,1,1
NFe.Settings,NFe.Settings,Auxiliar,62,42,1,32,85
NFe.Settings,NFe.Settings,ConfiguracaoApp,51,457,1,96,976
NFe.Settings,NFe.Settings,ConfiguracaoApp.loadResources,54,28,1,28,83
NFe.Settings,NFe.Settings,ConfiguracaoApp.NfeConfiguracoes,100,0,1,0,0
NFe.Settings,NFe.Settings,ConfiguracaoApp.xValid,71,2,1,0,5
NFe.Settings,NFe.Settings,Debug,92,2,1,2,2
NFe.Settings,NFe.Settings,Empresa,79,255,1,46,424
NFe.Settings,NFe.Settings,Empresas,61,111,1,50,207
NFe.Threadings,NFe.Threadings,BufferItem,72,16,1,16,37
NFe.Threadings,NFe.Threadings,FileSystemWatcher,66,52,1,30,109
NFe.Threadings,NFe.Threadings,FileSystemWatcher.FileChangedHandler,100,4,1,3,0
NFe.Threadings,NFe.Threadings,MonitoraPasta,49,43,1,30,105
NFe.Threadings,NFe.Threadings,ProcessarHandler,100,4,1,3,0
NFe.Threadings,NFe.Threadings,Semaphore,100,0,1,0,0
NFe.Threadings,NFe.Threadings,ThreadControlEvents,79,13,1,19,24
NFe.Threadings,NFe.Threadings,ThreadItem,76,42,1,23,75
NFe.Threadings,NFe.Threadings,ThreadItem.ThreadEndedHandler,100,4,1,3,0
NFe.Threadings,NFe.Threadings,ThreadItem.ThreadReleasedHandler,100,4,1,3,0
NFe.Threadings,NFe.Threadings,ThreadItem.ThreadStartHandler,100,4,1,3,0
NFe.Threadings,NFe.Threadings,ThreadService,61,6,1,12,31
NFe.UI,MetroFramework.Demo,MainForm,29,12,8,50,977
NFe.UI,NFe.UI,ConsultaRealizada,94,9,1,2,9
NFe.UI,NFe.UI,Form_Main,60,88,8,73,311
NFe.UI,NFe.UI,FormDummy,64,27,8,34,79
NFe.UI,NFe.UI,FormSenha,58,17,8,31,115
NFe.UI,NFe.UI,menu,54,68,8,71,468
NFe.UI,NFe.UI,uninfeDummy,68,31,1,27,64
NFe.UI,NFe.UI,uninfeOpcoes,100,0,1,0,0
NFe.UI,NFe.UI,uninfeOpcoes2,100,0,1,0,0
NFe.UI,NFe.UI,userCadastro,48,40,9,56,327
NFe.UI,NFe.UI,userCadastroResult,62,10,9,24,56
NFe.UI,NFe.UI,userCadastroResultDados,29,7,8,19,510
NFe.UI,NFe.UI,userConfiguracoes,47,125,9,67,546
NFe.UI,NFe.UI,UserControl1,64,17,8,27,58
NFe.UI,NFe.UI,userLogs,55,14,9,31,97
NFe.UI,NFe.UI,userPedidoSituacao,43,62,9,70,500
NFe.UI,NFe.UI,userSobre,42,14,9,33,295
NFe.UI,NFe.UI,userValidaXML,45,51,9,73,319
NFe.UI,NFe.UI.Formularios,FormNova,52,22,8,36,183
NFe.UI,NFe.UI.Formularios,FormSpinner,62,7,7,15,41
NFe.UI,NFe.UI.Formularios,FormUpdate,56,26,8,45,136
NFe.UI,NFe.UI.Formularios,FormUpdate.UpdateProgessCallback,100,4,1,2,0
NFe.UI,NFe.UI.Formularios,FormWait,70,21,8,25,75
NFe.UI,NFe.UI.Formularios,userConfiguracao_certificado,53,67,8,55,343
NFe.UI,NFe.UI.Formularios,userConfiguracao_danfe,51,26,8,35,305
NFe.UI,NFe.UI.Formularios,userConfiguracao_diversos,42,113,8,49,832
NFe.UI,NFe.UI.Formularios,userConfiguracao_ftp,50,33,8,32,286
NFe.UI,NFe.UI.Formularios,userConfiguracao_geral,49,29,8,35,350
NFe.UI,NFe.UI.Formularios,userConfiguracao_sat,57,31,8,36,224
NFe.UI,NFe.UI.Formularios,UserConfiguracaoPastas,48,85,8,53,485
NFe.UI,NFe.UI.Formularios,UserControl2,54,19,8,33,68
NFe.UI,NFe.UI.Formularios,userMunicipios,58,11,9,24,80
NFe.UI,NFe.UI.Formularios,Wait,73,11,1,12,18
NFe.UI,NFe.UI.Formularios.NFSe,FormMunicipio,51,26,8,54,190
NFe.UI,NFe.UI.Formularios.NFSe,userGrid1,54,28,8,66,186
NFe.UI,NFe.UI.Formularios.NFSe,userGrid2,53,24,8,65,157
NFe.Validate,NFe.Validate,ValidarXML,55,80,1,42,193
UniNFe,uninfe,Program,37,26,1,21,49
uninfe_ws,NFe.UI,Form_Main,48,13,8,24,113
uninfe_ws,uninfe_ws,dummy,77,4,1,3,6
uninfe_ws,uninfe_ws,Estado,89,17,1,0,20
uninfe_ws,uninfe_ws,Program,81,1,1,3,3
uninfe_ws,uninfe_ws,UserControl2,62,20,8,24,75
uninfe_ws,uninfe_ws,UserControl3,43,105,8,70,433
UniNFeServico (Release),UniNFeServico,Installer1,65,5,4,8,24
UniNFeServico (Release),UniNFeServico,Program,66,3,1,7,9
UniNFeServico (Release),UniNFeServico,UniNFeService,73,20,4,21,55
