Project,Namespace,Type,Tasks,QA
NFe.Components,NFSe.Components,Betha,[8228],[Efficiency]
NFe.Service,NFe.Service,LerXML,[8228],[Efficiency]
NFe.Components,NFe.Components,WebServiceProxy,[104220, 8228],[Efficiency, Compatibility]
NFe.Service,NFe.Service,TaskAbst,[99148, 8228, 28659],[Efficiency, Compatibility, Reliability]
NFe.Components,NFe.Components.Fiorilli.JaciSP.p,FiorilliP,[67700],[Maintainability]
NFe.Components.Info,NFe.Components.Info,Aplicacao,[8228],[Efficiency]
NFe.UI,NFe.UI.Formularios,userConfiguracao_diversos,[104547],[Reusability]
NFe.Components,NFe.Components.Memory.PonteNovaMG.p,MemoryP,[104547],[Reusability]
NFe.Service,NFe.Service,NFeEmProcessamento,[8228],[Efficiency]
NFe.Components,NFe.Components.br.com.betha.egov.h,ConsultarLoteRps,[99148],[Compatibility]
NFe.Service,NFe.Service,FluxoNfe,[8228, 70923],[Efficiency]
NFe.Components,NFe.Components.Memory.PonteNovaMG.h,MemoryH,[104547],[Reusability]
NFe.Settings,NFe.Settings,ConfiguracaoApp,[8228],[Efficiency]
NFe.Components,NFe.Components,Functions,[8228, 28659],[Efficiency, Reliability]
NFe.Service,NFe.Service,TaskConsultarLoteeSocial,[102120],[Compatibility]
NFe.Service,NFe.Service,GerarXML,[8228, 28659],[Efficiency, Reliability]
NFe.Settings,NFe.Settings,Auxiliar,[21040, 8228],[Efficiency, Reliability]
NFe.Components,NFSe.Components,SchemaXMLNFSe_TIPLAN,[99148],[Compatibility]
NFe.Components,NFe.Components.Fiorilli.JaciSP.p,FiorilliP,[67700],[Maintainability]
NFe.Components,NFe.Components.Fiorilli.JaciSP.p,FiorilliP,[67700],[Maintainability]
NFe.Components,NFe.Components.SimplISS.EmbuDasArtesSP.p,SimplISSP,[67010],[Maintainability]
NFe.Components,NFe.Components.Fiorilli,FiorilliBase,[67700],[Maintainability]
NFe.Components,NFe.Components.Fiorilli.JaciSP.h,FiorilliH,[67700],[Maintainability]
NFe.Components,NFe.Components,Propriedade,[104220, 76740, 102120],[Compatibility, Reliability]
NFe.Components,NFe.Components.Memory,MemoryBase,[104547],[Reusability]
NFe.Service,NFe.Service,Processar,[104220, 21040, 8228],[Efficiency, Compatibility, Reliability]
NFe.Service,NFe.Service,InvocarObjeto,[104220, 8228, 70208],[Efficiency, Compatibility]
NFe.Components,NFe.Components.SimplISS.EmbuDasArtesSP.p,SimplISSP,[67010],[Maintainability]
NFe.Certificado,NFe.Certificado,AssinaturaDigital,[21040, 8228],[Efficiency, Reliability]
NFe.Components,NFe.Components.Memory,Memory,[104547],[Reusability]
NFe.Service,NFe.Service,TaskConsultarIdentificadoresEventoseSocial,[104220],[Compatibility]
NFe.ConvertTxt,NFe.ConvertTxt,NFeW,[8228],[Efficiency]
NFe.Service,NFe.Service,ConverterTXT,[8228],[Efficiency]
NFe.Settings,NFe.Settings,Empresa,[72257, 8228],[Efficiency, Maintainability]
NFe.Service,NFe.Service,TaskCadastroContribuinte,[8228],[Efficiency]
NFe.Components,NFe.Components.SimplISS.EmbuDasArtesSP.p,SimplISSP,[67010],[Maintainability]
NFe.Validate,NFe.Validate,ValidarXML,[8228],[Efficiency]
NFe.Components,NFe.Components.Fiorilli.JaciSP.p,FiorilliP,[67700],[Maintainability]
NFe.UI,NFe.UI.Formularios,userConfiguracao_sat,[72257],[Maintainability]
NFe.Components,NFe.Components.SimplISS.EmbuDasArtesSP.p,SimplISSP,[67010],[Maintainability]
NFe.Service,NFe.Service,TFunctions,[76740, 102120, 8228, 70208],[Efficiency, Compatibility, Reliability]
NFe.Components,NFe.Components.Fiorilli.JaciSP.h,FiorilliH,[67700],[Maintainability]
NFe.Service,NFe.Service,TaskNFeRecepcao,[8228, 70208],[Efficiency]
NFe.Components,NFe.Components.SimplISS.Homologacao,SimplISSH,[67010],[Maintainability]
NFe.Components,NFe.Components,SchemaXML_ESocial,[104220],[Compatibility]
NFe.Components,NFe.Components,TipoArquivoXML,[104220, 99148],[Compatibility]
NFe.Components,NFe.Components.HGoianaPE_TINUS_ConsultarNfse,ConsultarNfse,[99148],[Compatibility]
NFe.SAT,NFe.SAT.Conversao,ConverterNFCe,[72257],[Maintainability]
NFe.Service,NFe.Service,TaskWSExiste,[8228],[Efficiency]
