Type,Status,Project,Namespace,Class,Method
Feature Concentration,Identified,OpenPOS.CommonTypes,OpenPOS.Arquivo.Registro,,
Feature Concentration,Identified,OpenPOS.CommonTypes,OpenPOS,,
Feature Concentration,Identified,OpenPOS.CommonTypes,Cadastro,,
Feature Concentration,Identified,OpenPOS.CommonTypes,Financeiro,,
Feature Concentration,Identified,OpenPOS.CommonTypes,Pessoa,,
Feature Concentration,Identified,OpenPOS.CommonTypes,Item,,
Feature Concentration,Identified,OpenPOS.CommonTypes,Periodo,,
Feature Concentration,Identified,OpenPOS.CommonTypes,Lancamento,,
Feature Concentration,Identified,OpenPOS.CommonTypes,Movimento,,
Feature Concentration,Identified,OpenPOS.CommonTypes,FrenteCaixa,,
Feature Concentration,Identified,OpenPOS.CommonTypes,ECF,,
Feature Concentration,Identified,OpenPOS.CommonTypes,NFe,,
Feature Concentration,Identified,OpenPOS.CommonTypes,TabelaPreco,,
Feature Concentration,Identified,OpenPOS.CommonTypes,Regra,,
Cyclic Dependency,Identified,OpenPOS.Core,OpenPOS.Data.Abstract.Cadastro.Pessoa,,
Cyclic Dependency,Identified,OpenPOS.Core,OpenPOS.Data.Abstract.Cadastro.Pessoa,,
Cyclic Dependency,Identified,OpenPOS.Core,OpenPOS.Data.Abstract.Cadastro.Pessoa,,
Cyclic Dependency,Identified,OpenPOS.Core,OpenPOS.Data.Abstract.Cadastro.Pessoa,,
Cyclic Dependency,Identified,OpenPOS.Core,OpenPOS.Data.Abstract.Faturamento.Lancamento.Movimento.NF,,
Cyclic Dependency,Identified,OpenPOS.Core,OpenPOS.Data.Abstract.Faturamento.Lancamento.Movimento.NF,,
Cyclic Dependency,Identified,OpenPOS.Core,OpenPOS.Data.Abstract.Regra,,
Cyclic Dependency,Identified,OpenPOS.Core,OpenPOS.Data.Abstract.Regra,,
Cyclic Dependency,Identified,OpenPOS.Core,OpenPOS.Data.Abstract.Financeiro.Lancamento,,
Cyclic Dependency,Identified,OpenPOS.Core,OpenPOS.Data.Abstract.Financeiro.Lancamento,,
Cyclic Dependency,Identified,OpenPOS.Core,OpenPOS.Data.Abstract.Cadastro.Item,,
Cyclic Dependency,Identified,OpenPOS.Core,OpenPOS.Data.Abstract.Cadastro.Item,,
Cyclic Dependency,Identified,OpenPOS.Core,OpenPOS.Data.Abstract.Cadastro.Item,,
Cyclic Dependency,Identified,OpenPOS.Core,OpenPOS.Data.Abstract.Cadastro.Item.Produto,,
Cyclic Dependency,Identified,OpenPOS.Core,OpenPOS.Data.Abstract.Cadastro.Item.Produto,,
Cyclic Dependency,Identified,OpenPOS.Core,OpenPOS.Data.Abstract.Configuracao,,
Cyclic Dependency,Identified,OpenPOS.Core,OpenPOS.Data.Abstract.Faturamento.Lancamento.Movimento.Baixa.FormaBaixa,,
Cyclic Dependency,Identified,OpenPOS.Core,OpenPOS.Data.Abstract.Faturamento.Lancamento.Movimento.Baixa.FormaBaixa,,
Cyclic Dependency,Identified,OpenPOS.Core,OpenPOS.Data.Abstract.Faturamento.Lancamento.Movimento.Baixa.FormaBaixa,,
Cyclic Dependency,Identified,OpenPOS.Core,OpenPOS.Data.Abstract.Faturamento.Lancamento.Movimento.Baixa.FormaBaixa,,
Cyclic Dependency,Identified,OpenPOS.Core,OpenPOS.Data.Abstract,,
Cyclic Dependency,Identified,OpenPOS.Core,OpenPOS.Data.Abstract,,
Cyclic Dependency,Identified,OpenPOS.Core,OpenPOS.Data.Abstract.Regra.Desconto,,
Cyclic Dependency,Identified,OpenPOS.Core,OpenPOS.Data.Abstract.FrenteCaixa.Lancamento,,
Cyclic Dependency,Identified,OpenPOS.Core,OpenPOS.Database,,
Cyclic Dependency,Identified,OpenPOS.Core,OpenPOS.Data.Abstract.Faturamento.Lancamento.Movimento,,
Cyclic Dependency,Identified,OpenPOS.Core,OpenPOS.Data.Abstract.Faturamento.Lancamento.Movimento,,
Cyclic Dependency,Identified,OpenPOS.Core,OpenPOS.Data.Cadastro,,
Cyclic Dependency,Identified,OpenPOS.Core,OpenPOS.Data.Cadastro,,
Cyclic Dependency,Identified,OpenPOS.Core,OpenPOS.Data.Cadastro.Pessoa,,
Cyclic Dependency,Identified,OpenPOS.Core,OpenPOS.Data.Cadastro.Tributo,,
Cyclic Dependency,Identified,OpenPOS.Core,OpenPOS.Data.Faturamento.Lancamento.Movimento.Item,,
Cyclic Dependency,Identified,OpenPOS.Core,OpenPOS.Data.Faturamento.Lancamento.Movimento.PreVenda,,
Cyclic Dependency,Identified,OpenPOS.Core,OpenPOS.Data.Cadastro.Item.Produto,,
Cyclic Dependency,Identified,OpenPOS.Core,OpenPOS.Data.Cadastro.Item.Produto.Arvore,,
Cyclic Dependency,Identified,OpenPOS.Core,OpenPOS.Data.Estoque.Saldo,,
Cyclic Dependency,Identified,OpenPOS.Core,OpenPOS.Data.Faturamento.Lancamento,,
Cyclic Dependency,Identified,OpenPOS.Core,OpenPOS.Data.Sistema.Log,,
Cyclic Dependency,Identified,OpenPOS.Core,OpenPOS.Data.Sistema.Log,,
Cyclic Dependency,Identified,OpenPOS.Core,OpenPOS.Data.FrenteCaixa.Cadastro,,
Cyclic Dependency,Identified,OpenPOS.Core,OpenPOS.Data.FrenteCaixa.Cadastro,,
Unstable Dependency,Identified,OpenPOS.Core,OpenPOS.Data.Abstract.Regra,,
Unstable Dependency,Identified,OpenPOS.Core,OpenPOS.Data.Abstract.Cadastro.Item,,
Unstable Dependency,Identified,OpenPOS.Core,OpenPOS.Data.Abstract.Estoque.Saldo,,
Unstable Dependency,Identified,OpenPOS.Core,OpenPOS.Data.Abstract.Faturamento.Lancamento.Movimento.Item,,
Unstable Dependency,Identified,OpenPOS.Core,OpenPOS.Data.Abstract,,
Unstable Dependency,Identified,OpenPOS.Core,OpenPOS.Data.Abstract.FrenteCaixa.Lancamento,,
Unstable Dependency,Identified,OpenPOS.Core,OpenPOS,,
Unstable Dependency,Identified,OpenPOS.Core,OpenPOS.Data.Abstract.Faturamento.Lancamento.Movimento,,
Unstable Dependency,Identified,OpenPOS.Core,OpenPOS.Data.Abstract.Faturamento.Lancamento.Movimento.Item.DAV,,
Unstable Dependency,Identified,OpenPOS.Core,OpenPOS.Data.Cadastro,,
Unstable Dependency,Identified,OpenPOS.Core,OpenPOS.Data.Cadastro.Pessoa,,
Unstable Dependency,Identified,OpenPOS.Core,OpenPOS.Data.Faturamento.Lancamento.Movimento.NFCe,,
Unstable Dependency,Identified,OpenPOS.Core,OpenPOS.Data.Faturamento.Lancamento.Movimento.Item,,
Unstable Dependency,Identified,OpenPOS.Core,OpenPOS.Data.Regra.CFOP,,
Unstable Dependency,Identified,OpenPOS.Core,OpenPOS.Data.Regra.Tributo,,
Unstable Dependency,Identified,OpenPOS.Core,OpenPOS.Data.Cadastro.Item,,
Unstable Dependency,Identified,OpenPOS.Core,OpenPOS.Data.Cadastro.Item.Produto,,
Unstable Dependency,Identified,OpenPOS.Core,OpenPOS.Data.Cadastro.Item.Produto.Arvore,,
Unstable Dependency,Identified,OpenPOS.Core,OpenPOS.Data.Configuracao,,
Unstable Dependency,Identified,OpenPOS.Core,OpenPOS.Data.Regra.Desconto,,
Unstable Dependency,Identified,OpenPOS.Core,OpenPOS.Data.Faturamento.Lancamento.Movimento.NFe,,
Unstable Dependency,Identified,OpenPOS.Core,OpenPOS.NFe,,
Ambiguous Interface,Identified,OpenPOS.Core,OpenPOS.Data.Configuracao,,
Feature Concentration,Identified,OpenPOS.Core,OpenPOS,,
Feature Concentration,Identified,OpenPOS.Core,OpenPOS.Data.Cadastro,,
Feature Concentration,Identified,OpenPOS.Core,OpenPOS.Data.Cadastro.Pessoa,,
Feature Concentration,Identified,OpenPOS.Core,OpenPOS.Data.FrenteCaixa.Lancamento,,
Feature Concentration,Identified,OpenPOS.Core,OpenPOS.Shared.Regra.Tributo,,
Scattered Functionality,Identified,OpenPOS.Core,OpenPOS.Data.Abstract.Regra.AnaliseCredito,,
Scattered Functionality,Identified,OpenPOS.Core,OpenPOS.Data.Abstract.Regra.Tributo,,
Scattered Functionality,Identified,OpenPOS.Core,OpenPOS.Data.Abstract.Cadastro.Item,,
Scattered Functionality,Identified,OpenPOS.Core,OpenPOS.Data.Abstract.Faturamento.Lancamento.Movimento.Item,,
Scattered Functionality,Identified,OpenPOS.Core,OpenPOS.Data.Abstract.Regra.Desconto,,
Cyclic Dependency,Identified,OpenPOS.Desktop.ComponentModel,OpenPOS.Desktop.ComponentModel,,
Unstable Dependency,Identified,OpenPOS.Desktop.ComponentModel,OpenPOS.Desktop.ComponentModel,,
Unstable Dependency,Identified,OpenPOS.Desktop.ComponentModel,OpenPOS.Desktop.ComponentModel.Faturamento.Lancamento.Movimento.ContaClienteMesa,,
God Component,Identified,OpenPOS.Desktop.ComponentModel,OpenPOS.Desktop.ComponentModel,,
Scattered Functionality,Identified,OpenPOS.Desktop.ComponentModel,OpenPOS.Desktop.ComponentModel,,
Cyclic Dependency,Identified,OpenPOS.Desktop,OpenPOS.Desktop.ComponentModel.Forms.Faturamento.Lancamento.Movimento,,
Cyclic Dependency,Identified,OpenPOS.Desktop,OpenPOS.Desktop.ComponentModel.Forms.Faturamento.Lancamento.Movimento,,
Cyclic Dependency,Identified,OpenPOS.Desktop,OpenPOS.Desktop.ComponentModel.Forms.Faturamento.Lancamento.Movimento,,
Cyclic Dependency,Identified,OpenPOS.Desktop,OpenPOS.Desktop.ComponentModel.Faturamento.Lancamento.Movimento.NF,,
Cyclic Dependency,Identified,OpenPOS.Desktop,OpenPOS.Desktop.Forms.Cadastro,,
Cyclic Dependency,Identified,OpenPOS.Desktop,OpenPOS.Desktop.Forms.Cadastro.Pessoa,,
Cyclic Dependency,Identified,OpenPOS.Desktop,OpenPOS.Desktop.Forms.Cadastro.Pessoa,,
Unstable Dependency,Identified,OpenPOS.Desktop,OpenPOS.Desktop.ComponentModel.Forms.Faturamento.Lancamento.Movimento,,
Unstable Dependency,Identified,OpenPOS.Desktop,OpenPOS.Desktop.Forms.Cadastro,,
Unstable Dependency,Identified,OpenPOS.Desktop,OpenPOS.Desktop.Forms.Faturamento.Lancamento.Movimento.Devolucao,,
Unstable Dependency,Identified,OpenPOS.Desktop,OpenPOS.Desktop.Forms.Faturamento.Lancamento.Movimento,,
Unstable Dependency,Identified,OpenPOS.Desktop,OpenPOS.Desktop.Forms.Financeiro,,
Unstable Dependency,Identified,OpenPOS.Desktop,OpenPOS.Desktop.Forms.Login,,
Feature Concentration,Identified,OpenPOS.Desktop,OpenPOS.Desktop.ComponentModel.Cadastro.Item,,
Feature Concentration,Identified,OpenPOS.Desktop,OpenPOS.Desktop.ComponentModel,,
Feature Concentration,Identified,OpenPOS.Desktop,OpenPOS.Desktop.Forms.Cadastro,,
Feature Concentration,Identified,OpenPOS.Desktop,OpenPOS.Desktop.Forms.Cadastro.Item,,
Feature Concentration,Identified,OpenPOS.Desktop,OpenPOS.Desktop.Forms.Cadastro.Pessoa,,
Feature Concentration,Identified,OpenPOS.Desktop,OpenPOS.Desktop.Forms.Cadastro.Regra,,
Feature Concentration,Identified,OpenPOS.Desktop,OpenPOS.Desktop.Forms.Cadastro.Tributo,,
Feature Concentration,Identified,OpenPOS.Desktop,OpenPOS.Desktop.Forms.Faturamento.Lancamento.Movimento,,
Feature Concentration,Identified,OpenPOS.Desktop,OpenPOS.Desktop.Forms.FrenteCaixa.Lancamento,,
Scattered Functionality,Identified,OpenPOS.Desktop,OpenPOS.Desktop.ComponentModel.Cadastro.Item,,
Scattered Functionality,Identified,OpenPOS.Desktop,OpenPOS.Desktop.ComponentModel.Forms.Faturamento.Lancamento.Movimento,,
Scattered Functionality,Identified,OpenPOS.Desktop,OpenPOS.Desktop.ComponentModel,,
Scattered Functionality,Identified,OpenPOS.Desktop,OpenPOS.Desktop.ComponentModel,,
Scattered Functionality,Identified,OpenPOS.Desktop,OpenPOS.Desktop.Forms.Cadastro,,
Scattered Functionality,Identified,OpenPOS.Desktop,OpenPOS.Desktop.Forms.Cadastro.Item,,
Scattered Functionality,Identified,OpenPOS.Desktop,OpenPOS.Desktop.Forms.Cadastro.Regra,,
Scattered Functionality,Identified,OpenPOS.Desktop,OpenPOS.Desktop.Forms.Faturamento.Lancamento.Movimento,,
Scattered Functionality,Identified,OpenPOS.Desktop,OpenPOS.Desktop.Forms.Faturamento.Lancamento.Movimento,,
Scattered Functionality,Identified,OpenPOS.Desktop,OpenPOS.Desktop.Forms.FrenteCaixa.Lancamento,,