Type,Status,Project,Namespace,Class,Method
Unutilized Abstraction,Identified,OpenPOS.CommonTypes,OpenPOS.Arquivo.Registro,IndicadorEstorno,
Unutilized Abstraction,Identified,OpenPOS.CommonTypes,OpenPOS.Arquivo.Registro,SimboloDenominacao,
Unutilized Abstraction,Identified,OpenPOS.CommonTypes,OpenPOS.Arquivo.Registro,IndicadorCancelamento,
Unutilized Abstraction,Identified,OpenPOS.CommonTypes,OpenPOS.Arquivo.Registro,IndicadorOrdem,
Unutilized Abstraction,Identified,OpenPOS.CommonTypes,OpenPOS.Arquivo.Registro,IndicadorTipo,
Unutilized Abstraction,Identified,OpenPOS.CommonTypes,OpenPOS.Arquivo.Registro,Tipo,
Duplicate Abstraction,Identified,OpenPOS.CommonTypes,OpenPOS.Arquivo.Registro,Tipo,
Duplicate Abstraction,Identified,OpenPOS.CommonTypes,OpenPOS.Arquivo.Registro,Tipo,
Unutilized Abstraction,Identified,OpenPOS.CommonTypes,OpenPOS.Cadastro.Periodo,IPeriodoResult,
Unutilized Abstraction,Identified,OpenPOS.CommonTypes,OpenPOS.NFe.CustomTypeConverters,StatusTypeConverter,
Unutilized Abstraction,Identified,OpenPOS.CommonTypes,OpenPOS,DFEStatusExtensions,
Unutilized Abstraction,Identified,OpenPOS.CommonTypes,OpenPOS,IListExtensions,
Unutilized Abstraction,Identified,OpenPOS.CommonTypes,OpenPOS,TipoCodigoBarraExtensions,
Unutilized Abstraction,Identified,OpenPOS.CommonTypes,OpenPOS,IGenerateFile,
Unutilized Abstraction,Identified,OpenPOS.CommonTypes,OpenPOS,IGenerateXML,
Unutilized Abstraction,Identified,OpenPOS.CommonTypes,OpenPOS,InformaAliquotaResult,
Unutilized Abstraction,Identified,OpenPOS.CommonTypes,OpenPOS,GeneralErrorEventArgs,
Unutilized Abstraction,Identified,OpenPOS.CommonTypes,OpenPOS,GUIDExtensions,
Unutilized Abstraction,Identified,OpenPOS.CommonTypes,OpenPOS,IEnumerableExtensions,
Unutilized Abstraction,Identified,OpenPOS.CommonTypes,OpenPOS,TipoFormaExtensions,
Unutilized Abstraction,Identified,OpenPOS.CommonTypes,OpenPOS,XmlDocumentExtensions,
Duplicate Abstraction,Identified,OpenPOS.CommonTypes,OpenPOS,IndicadorProducao,
Unutilized Abstraction,Identified,OpenPOS.CommonTypes,OpenPOS,List<T>,
Unutilized Abstraction,Identified,OpenPOS.CommonTypes,OpenPOS,ListEventArgs,
Unutilized Abstraction,Identified,OpenPOS.CommonTypes,OpenPOS,EmbeddedAssembly,
Unutilized Abstraction,Identified,OpenPOS.CommonTypes,OpenPOS,frmWait,
Unutilized Abstraction,Identified,OpenPOS.CommonTypes,OpenPOS,Wait,
Unnecessary Abstraction,Identified,OpenPOS.CommonTypes,OpenPOS,IResultBase,
Unutilized Abstraction,Identified,OpenPOS.CommonTypes,OpenPOS,IResultBase,
Unutilized Abstraction,Identified,OpenPOS.CommonTypes,OpenPOS,Registry,
Unutilized Abstraction,Identified,OpenPOS.CommonTypes,OpenPOS,ResultBase,
Unutilized Abstraction,Identified,OpenPOS.CommonTypes,OpenPOS,SelecionaPeriodoResult,
Unutilized Abstraction,Identified,OpenPOS.CommonTypes,OpenPOS,TSplitSQL,
Unutilized Abstraction,Identified,OpenPOS.CommonTypes,OpenPOS,Utilities,
Unutilized Abstraction,Identified,OpenPOS.CommonTypes,System.Diagnostics,ProcessExtensions,
Unnecessary Abstraction,Identified,OpenPOS.CommonTypes,OpenPOS.Faturamento.Lancamento.Movimento,Totalizador,
Unutilized Abstraction,Identified,OpenPOS.CommonTypes,OpenPOS.Faturamento.Lancamento.Movimento,Totalizador,
Unutilized Abstraction,Identified,OpenPOS.CommonTypes,OpenPOS.CustomTypeConverters,SituacaoTributariaTypeConverter,
Unutilized Abstraction,Identified,OpenPOS.CommonTypes,OpenPOS.CustomTypeConverters,IndicadorProducaoTypeConverter,
Unutilized Abstraction,Identified,OpenPOS.CommonTypes,OpenPOS.CustomTypeConverters,IndicadorTruncamentoTypeConverter,
Unutilized Abstraction,Identified,OpenPOS.CommonTypes,OpenPOS.CustomTypeConverters,TipoECFTypeConverter,
Unutilized Abstraction,Identified,OpenPOS.CommonTypes,OpenPOS.CustomTypeConverters,EGUIDTypeConverter,
Unutilized Abstraction,Identified,OpenPOS.CommonTypes,OpenPOS.CustomTypeConverters,TypeConverterBase,
Unutilized Abstraction,Identified,OpenPOS.CommonTypes,OpenPOS.CustomTypeConverters,ExcluidoTypeConverter,
Unutilized Abstraction,Identified,OpenPOS.CommonTypes,OpenPOS.CustomTypeConverters,GUIDTypeConverter,
Unutilized Abstraction,Identified,OpenPOS.CommonTypes,OpenPOS.Arquivo.Sintegra,ModeloDocumento,
Unutilized Abstraction,Identified,OpenPOS.CommonTypes,OpenPOS.Arquivo.Sintegra,SituacaoNotaFiscal,
Unutilized Abstraction,Identified,OpenPOS.CommonTypes,OpenPOS.Arquivo.Sintegra,Tipo,
Unnecessary Abstraction,Identified,OpenPOS.CommonTypes,OpenPOS.Desktop.ComponentModel,IOpenPOSComponent,
Unutilized Abstraction,Identified,OpenPOS.CommonTypes,OpenPOS.Desktop.ComponentModel,IOpenPOSComponent,
Unutilized Abstraction,Identified,OpenPOS.CommonTypes,OpenPOS.Desktop.ComponentModel,IValidate,
Unutilized Abstraction,Identified,OpenPOS.CommonTypes,OpenPOS.Enuns,PasswordStrength,
Duplicate Abstraction,Identified,OpenPOS.CommonTypes,OpenPOS.Enuns,PasswordStrength,
Unutilized Abstraction,Identified,OpenPOS.CommonTypes,OpenPOS.Enuns,TipoEvento,
Duplicate Abstraction,Identified,OpenPOS.CommonTypes,OpenPOS.Enuns,TipoEvento,
Unutilized Abstraction,Identified,OpenPOS.CommonTypes,Synchronize,Status,
Duplicate Abstraction,Identified,OpenPOS.CommonTypes,Synchronize,Status,
Unutilized Abstraction,Identified,OpenPOS.CommonTypes,Server,Status,
Unutilized Abstraction,Identified,OpenPOS.CommonTypes,UniBot,Tipo,
Unutilized Abstraction,Identified,OpenPOS.CommonTypes,UniBot,ModoIntegracao,
Unutilized Abstraction,Identified,OpenPOS.CommonTypes,UniBot,ModoOperacao,
Unutilized Abstraction,Identified,OpenPOS.CommonTypes,UniBot,TempoIntegracao,
Unutilized Abstraction,Identified,OpenPOS.CommonTypes,UniBot,FormatoArquivo,
Unutilized Abstraction,Identified,OpenPOS.CommonTypes,Leiaute,TipoArquivo,
Unutilized Abstraction,Identified,OpenPOS.CommonTypes,Configuracao,UsoEGUID,
Unutilized Abstraction,Identified,OpenPOS.CommonTypes,Configuracao,VariaveisRodapeECF,
Unutilized Abstraction,Identified,OpenPOS.CommonTypes,Configuracao,RunAs,
Unutilized Abstraction,Identified,OpenPOS.CommonTypes,Configuracao,ECFRodapeCampoObrigatorio,
Unutilized Abstraction,Identified,OpenPOS.CommonTypes,Cadastro,TipoForma,
Unutilized Abstraction,Identified,OpenPOS.CommonTypes,Cadastro,TipoValor,
Unutilized Abstraction,Identified,OpenPOS.CommonTypes,Cadastro,TipoFiltro,
Unutilized Abstraction,Identified,OpenPOS.CommonTypes,Cadastro,Tipo,
Unutilized Abstraction,Identified,OpenPOS.CommonTypes,Cadastro,Bandeira,
Unnecessary Abstraction,Identified,OpenPOS.CommonTypes,Cadastro,SerieDocumentoFiscalInvalida,
Unutilized Abstraction,Identified,OpenPOS.CommonTypes,Cadastro,SerieDocumentoFiscalInvalida,
Unnecessary Abstraction,Identified,OpenPOS.CommonTypes,Cadastro,SerieDocumentoFiscalForaFaixa,
Unutilized Abstraction,Identified,OpenPOS.CommonTypes,Cadastro,SerieDocumentoFiscalForaFaixa,
Unnecessary Abstraction,Identified,OpenPOS.CommonTypes,Cadastro,NaoAlterarSerieComLancamento,
Unutilized Abstraction,Identified,OpenPOS.CommonTypes,Cadastro,NaoAlterarSerieComLancamento,
Unutilized Abstraction,Identified,OpenPOS.CommonTypes,Cadastro,ModeloJaExiste,
Unnecessary Abstraction,Identified,OpenPOS.CommonTypes,Cadastro,ArquivoConfiguracaoUniNFeNaoExiste,
Unutilized Abstraction,Identified,OpenPOS.CommonTypes,Cadastro,ArquivoConfiguracaoUniNFeNaoExiste,
Unnecessary Abstraction,Identified,OpenPOS.CommonTypes,Cadastro,PercentualICMSSimplesMenorZero,
Unutilized Abstraction,Identified,OpenPOS.CommonTypes,Cadastro,PercentualICMSSimplesMenorZero,
Unnecessary Abstraction,Identified,OpenPOS.CommonTypes,Cadastro,MesInvalido,
Unutilized Abstraction,Identified,OpenPOS.CommonTypes,Cadastro,MesInvalido,
Unutilized Abstraction,Identified,OpenPOS.CommonTypes,Tributo,TipoTributo,
Unutilized Abstraction,Identified,OpenPOS.CommonTypes,Tributo,Modalidade,
Unutilized Abstraction,Identified,OpenPOS.CommonTypes,Financeiro,VencimentoFeriado,
Unutilized Abstraction,Identified,OpenPOS.CommonTypes,Financeiro,FormaCalculoVencimento,
Unutilized Abstraction,Identified,OpenPOS.CommonTypes,Financeiro,TipoContaCorrente,
Unutilized Abstraction,Identified,OpenPOS.CommonTypes,Financeiro,LancamentoCompensado,
Unutilized Abstraction,Identified,OpenPOS.CommonTypes,Financeiro,StatusAnaliseCredito,
Unutilized Abstraction,Identified,OpenPOS.CommonTypes,Financeiro,StatusAnaliseResult,
Unutilized Abstraction,Identified,OpenPOS.CommonTypes,Financeiro,StatusPagarReceber,
Unutilized Abstraction,Identified,OpenPOS.CommonTypes,Financeiro,TipoParcela,
Unutilized Abstraction,Identified,OpenPOS.CommonTypes,Financeiro,TipoJuros,
Unnecessary Abstraction,Identified,OpenPOS.CommonTypes,Financeiro,FormaCalculoVencimentoException,
Unutilized Abstraction,Identified,OpenPOS.CommonTypes,Financeiro,FormaCalculoVencimentoException,
Unutilized Abstraction,Identified,OpenPOS.CommonTypes,Pessoa,TipoPessoa,
Unutilized Abstraction,Identified,OpenPOS.CommonTypes,Pessoa,EstadoCivil,
Unutilized Abstraction,Identified,OpenPOS.CommonTypes,Pessoa,Sexo,
Unutilized Abstraction,Identified,OpenPOS.CommonTypes,Pessoa,FisicaJuridica,
Unutilized Abstraction,Identified,OpenPOS.CommonTypes,Pessoa,TipoCanal,
Unutilized Abstraction,Identified,OpenPOS.CommonTypes,Pessoa,AcaoOcorrencia,
Unutilized Abstraction,Identified,OpenPOS.CommonTypes,Pessoa,TipoOcorrencia,
Unutilized Abstraction,Identified,OpenPOS.CommonTypes,Pessoa,Situacao,
Unutilized Abstraction,Identified,OpenPOS.CommonTypes,Pessoa,CRT,
Unutilized Abstraction,Identified,OpenPOS.CommonTypes,Pessoa,CategoriaRNTC,
Unutilized Abstraction,Identified,OpenPOS.CommonTypes,Pessoa,UsuarioLogadoException,
Unnecessary Abstraction,Identified,OpenPOS.CommonTypes,Pessoa,EnderecoPrincipalMaximoPermitido,
Unutilized Abstraction,Identified,OpenPOS.CommonTypes,Pessoa,EnderecoPrincipalMaximoPermitido,
Unnecessary Abstraction,Identified,OpenPOS.CommonTypes,Pessoa,EnderecoPrincipalMinimoPermitido,
Unutilized Abstraction,Identified,OpenPOS.CommonTypes,Pessoa,EnderecoPrincipalMinimoPermitido,
Unnecessary Abstraction,Identified,OpenPOS.CommonTypes,Pessoa,CanalComunicacaoPrincipalMaximoPermitido,
Unutilized Abstraction,Identified,OpenPOS.CommonTypes,Pessoa,CanalComunicacaoPrincipalMaximoPermitido,
Unnecessary Abstraction,Identified,OpenPOS.CommonTypes,Pessoa,CanalComunicacaoPrincipalMinimoPermitido,
Unutilized Abstraction,Identified,OpenPOS.CommonTypes,Pessoa,CanalComunicacaoPrincipalMinimoPermitido,
Unnecessary Abstraction,Identified,OpenPOS.CommonTypes,Pessoa,SenhaFraca,
Unutilized Abstraction,Identified,OpenPOS.CommonTypes,Pessoa,SenhaFraca,
Unnecessary Abstraction,Identified,OpenPOS.CommonTypes,Pessoa,UsuarioJaExiste,
Unutilized Abstraction,Identified,OpenPOS.CommonTypes,Pessoa,UsuarioJaExiste,
Unutilized Abstraction,Identified,OpenPOS.CommonTypes,Pessoa,CPFCNPJAlreadyRegistered,
Unnecessary Abstraction,Identified,OpenPOS.CommonTypes,Pessoa,DataAberturaMaiorDataAtual,
Unutilized Abstraction,Identified,OpenPOS.CommonTypes,Pessoa,DataAberturaMaiorDataAtual,
Unutilized Abstraction,Identified,OpenPOS.CommonTypes,Endereco,TipoEndereco,
Unutilized Abstraction,Identified,OpenPOS.CommonTypes,Item,TipoItem,
Unutilized Abstraction,Identified,OpenPOS.CommonTypes,Item,TipoItemEspecial,
Unutilized Abstraction,Identified,OpenPOS.CommonTypes,Item,TipoCodigoBarra,
Unutilized Abstraction,Identified,OpenPOS.CommonTypes,Item,Status,
Unnecessary Abstraction,Identified,OpenPOS.CommonTypes,Item,CodigoBarraObrigatorio,
Unutilized Abstraction,Identified,OpenPOS.CommonTypes,Item,CodigoBarraObrigatorio,
Unnecessary Abstraction,Identified,OpenPOS.CommonTypes,Item,CodigoBarraGTIN_13Obrigatorio,
Unutilized Abstraction,Identified,OpenPOS.CommonTypes,Item,CodigoBarraGTIN_13Obrigatorio,
Unnecessary Abstraction,Identified,OpenPOS.CommonTypes,Item,FabricanteProdutoAcabadoObrigatorio,
Unutilized Abstraction,Identified,OpenPOS.CommonTypes,Item,FabricanteProdutoAcabadoObrigatorio,
Unnecessary Abstraction,Identified,OpenPOS.CommonTypes,Item,QuantidadeItemKitInvalido,
Unutilized Abstraction,Identified,OpenPOS.CommonTypes,Item,QuantidadeItemKitInvalido,
Unutilized Abstraction,Identified,OpenPOS.CommonTypes,Periodo,TipoVencimento,
Unutilized Abstraction,Identified,OpenPOS.CommonTypes,Periodo,DiaSemana,
Unutilized Abstraction,Identified,OpenPOS.CommonTypes,Periodo,SemanaVencimento,
Unutilized Abstraction,Identified,OpenPOS.CommonTypes,Periodo,MesVencimento,
Unutilized Abstraction,Identified,OpenPOS.CommonTypes,Periodo,MesesAno,
Unutilized Abstraction,Identified,OpenPOS.CommonTypes,Periodo,AnoVencimento,
Unutilized Abstraction,Identified,OpenPOS.CommonTypes,Periodo,DiaMes,
Unnecessary Abstraction,Identified,OpenPOS.CommonTypes,Periodo,SemPeriodoSemanal,
Unutilized Abstraction,Identified,OpenPOS.CommonTypes,Periodo,SemPeriodoSemanal,
Unnecessary Abstraction,Identified,OpenPOS.CommonTypes,Periodo,SemPeriodoAnual,
Unutilized Abstraction,Identified,OpenPOS.CommonTypes,Periodo,SemPeriodoAnual,
Unnecessary Abstraction,Identified,OpenPOS.CommonTypes,Periodo,SemPeriodoMensal,
Unutilized Abstraction,Identified,OpenPOS.CommonTypes,Periodo,SemPeriodoMensal,
Unutilized Abstraction,Identified,OpenPOS.CommonTypes,Lancamento,StatusEnvio,
Unutilized Abstraction,Identified,OpenPOS.CommonTypes,Lancamento,Tipo,
Unutilized Abstraction,Identified,OpenPOS.CommonTypes,Lancamento,Status,
Unutilized Abstraction,Identified,OpenPOS.CommonTypes,Lancamento,IDDest,
Unutilized Abstraction,Identified,OpenPOS.CommonTypes,Lancamento,StatusBaixa,
Unutilized Abstraction,Identified,OpenPOS.CommonTypes,Lancamento,StatusContaClienteMesa,
Unutilized Abstraction,Identified,OpenPOS.CommonTypes,Lancamento,StatusLancamento,
Unutilized Abstraction,Identified,OpenPOS.CommonTypes,Movimento,CodigoAntecipacao,
Duplicate Abstraction,Identified,OpenPOS.CommonTypes,Movimento,CodigoAntecipacao,
Unnecessary Abstraction,Identified,OpenPOS.CommonTypes,Movimento,ArquivoAuxiliarInvalido,
Unutilized Abstraction,Identified,OpenPOS.CommonTypes,Movimento,ArquivoAuxiliarInvalido,
Unnecessary Abstraction,Identified,OpenPOS.CommonTypes,Movimento,ClienteMovimentoInvalido,
Unutilized Abstraction,Identified,OpenPOS.CommonTypes,Movimento,ClienteMovimentoInvalido,
Unnecessary Abstraction,Identified,OpenPOS.CommonTypes,Movimento,ClienteMovimentoNaoPermitido,
Unutilized Abstraction,Identified,OpenPOS.CommonTypes,Movimento,ClienteMovimentoNaoPermitido,
Unnecessary Abstraction,Identified,OpenPOS.CommonTypes,Movimento,DadoPessoaObrigatorio,
Unutilized Abstraction,Identified,OpenPOS.CommonTypes,Movimento,DadoPessoaObrigatorio,
Unnecessary Abstraction,Identified,OpenPOS.CommonTypes,Movimento,ItemMovimentadoObrigatorio,
Unutilized Abstraction,Identified,OpenPOS.CommonTypes,Movimento,ItemMovimentadoObrigatorio,
Unnecessary Abstraction,Identified,OpenPOS.CommonTypes,Movimento,ValorTotalNaoNegativo,
Unutilized Abstraction,Identified,OpenPOS.CommonTypes,Movimento,ValorTotalNaoNegativo,
Unnecessary Abstraction,Identified,OpenPOS.CommonTypes,Movimento,ValorTotalUltrapassaLimiteCliente,
Unutilized Abstraction,Identified,OpenPOS.CommonTypes,Movimento,ValorTotalUltrapassaLimiteCliente,
Unnecessary Abstraction,Identified,OpenPOS.CommonTypes,Movimento,DescontoItemIgualZero,
Unutilized Abstraction,Identified,OpenPOS.CommonTypes,Movimento,DescontoItemIgualZero,
Unnecessary Abstraction,Identified,OpenPOS.CommonTypes,Movimento,CondicaoPagamentoObrigatorio,
Unutilized Abstraction,Identified,OpenPOS.CommonTypes,Movimento,CondicaoPagamentoObrigatorio,
Unnecessary Abstraction,Identified,OpenPOS.CommonTypes,Movimento,ParcelaObrigatoria,
Unutilized Abstraction,Identified,OpenPOS.CommonTypes,Movimento,ParcelaObrigatoria,
Unnecessary Abstraction,Identified,OpenPOS.CommonTypes,Movimento,PermitidoSomenteParcelasIguais,
Unutilized Abstraction,Identified,OpenPOS.CommonTypes,Movimento,PermitidoSomenteParcelasIguais,
Unnecessary Abstraction,Identified,OpenPOS.CommonTypes,Movimento,MovimentoIsReadOnly,
Unutilized Abstraction,Identified,OpenPOS.CommonTypes,Movimento,MovimentoIsReadOnly,
Unnecessary Abstraction,Identified,OpenPOS.CommonTypes,Movimento,NFEIsReadOnly,
Unutilized Abstraction,Identified,OpenPOS.CommonTypes,Movimento,NFEIsReadOnly,
Unnecessary Abstraction,Identified,OpenPOS.CommonTypes,Movimento,DevolucaoJaUtilizada,
Unutilized Abstraction,Identified,OpenPOS.CommonTypes,Movimento,DevolucaoJaUtilizada,
Unnecessary Abstraction,Identified,OpenPOS.CommonTypes,Movimento,ConferenciaSemItens,
Unutilized Abstraction,Identified,OpenPOS.CommonTypes,Movimento,ConferenciaSemItens,
Unnecessary Abstraction,Identified,OpenPOS.CommonTypes,Movimento,MovimentoNaoFoiConferido,
Unutilized Abstraction,Identified,OpenPOS.CommonTypes,Movimento,MovimentoNaoFoiConferido,
Unnecessary Abstraction,Identified,OpenPOS.CommonTypes,Movimento,ContaClienteMesaObrigatorio,
Unutilized Abstraction,Identified,OpenPOS.CommonTypes,Movimento,ContaClienteMesaObrigatorio,
Unnecessary Abstraction,Identified,OpenPOS.CommonTypes,Movimento,DataHoraFechamentoMenorDataHoraAbertura,
Unutilized Abstraction,Identified,OpenPOS.CommonTypes,Movimento,DataHoraFechamentoMenorDataHoraAbertura,
Unnecessary Abstraction,Identified,OpenPOS.CommonTypes,Movimento,ContaClienteMesaSemItens,
Unutilized Abstraction,Identified,OpenPOS.CommonTypes,Movimento,ContaClienteMesaSemItens,
Unnecessary Abstraction,Identified,OpenPOS.CommonTypes,Movimento,BancoObrigatorio,
Unutilized Abstraction,Identified,OpenPOS.CommonTypes,Movimento,BancoObrigatorio,
Unnecessary Abstraction,Identified,OpenPOS.CommonTypes,Movimento,AgenciaBancariaObrigatoria,
Unutilized Abstraction,Identified,OpenPOS.CommonTypes,Movimento,AgenciaBancariaObrigatoria,
Unnecessary Abstraction,Identified,OpenPOS.CommonTypes,Movimento,NmeroChequeObrigatorio,
Unutilized Abstraction,Identified,OpenPOS.CommonTypes,Movimento,NmeroChequeObrigatorio,
Unnecessary Abstraction,Identified,OpenPOS.CommonTypes,Movimento,UFDestinatarioNaoPermiteIEIsento,
Unutilized Abstraction,Identified,OpenPOS.CommonTypes,Movimento,UFDestinatarioNaoPermiteIEIsento,
Unnecessary Abstraction,Identified,OpenPOS.CommonTypes,Movimento,NFCeNaoPermiteVendaInterestadual,
Unutilized Abstraction,Identified,OpenPOS.CommonTypes,Movimento,NFCeNaoPermiteVendaInterestadual,
Unnecessary Abstraction,Identified,OpenPOS.CommonTypes,Movimento,SemPagamentoValorMaiorZero,
Unutilized Abstraction,Identified,OpenPOS.CommonTypes,Movimento,SemPagamentoValorMaiorZero,
Unutilized Abstraction,Identified,OpenPOS.CommonTypes,Baixa,TipoBaixaForma,
Unutilized Abstraction,Identified,OpenPOS.CommonTypes,TEF,Status,
Unutilized Abstraction,Identified,OpenPOS.CommonTypes,TEF,TipoTransacao,
Unutilized Abstraction,Identified,OpenPOS.CommonTypes,NF,InfCplTipo,
Unutilized Abstraction,Identified,OpenPOS.CommonTypes,Conferencia,StatusConferencia,
Unutilized Abstraction,Identified,OpenPOS.CommonTypes,Conferencia,Status,
Unutilized Abstraction,Identified,OpenPOS.CommonTypes,Conferencia,Tipo,
Unutilized Abstraction,Identified,OpenPOS.CommonTypes,Caixa,Status,
Unnecessary Abstraction,Identified,OpenPOS.CommonTypes,FrenteCaixa,FecharSomenteLeitura,
Unutilized Abstraction,Identified,OpenPOS.CommonTypes,FrenteCaixa,FecharSomenteLeitura,
Unnecessary Abstraction,Identified,OpenPOS.CommonTypes,FrenteCaixa,FecharExclusao,
Unutilized Abstraction,Identified,OpenPOS.CommonTypes,FrenteCaixa,FecharExclusao,
Unnecessary Abstraction,Identified,OpenPOS.CommonTypes,FrenteCaixa,SemCaixaAberto,
Unutilized Abstraction,Identified,OpenPOS.CommonTypes,FrenteCaixa,SemCaixaAberto,
Unutilized Abstraction,Identified,OpenPOS.CommonTypes,FrenteCaixa,CaixaJaAberto,
Unnecessary Abstraction,Identified,OpenPOS.CommonTypes,FrenteCaixa,UsuarioObrigatorio,
Unutilized Abstraction,Identified,OpenPOS.CommonTypes,FrenteCaixa,UsuarioObrigatorio,
Unnecessary Abstraction,Identified,OpenPOS.CommonTypes,FrenteCaixa,PDVObrigatorio,
Unutilized Abstraction,Identified,OpenPOS.CommonTypes,FrenteCaixa,PDVObrigatorio,
Unnecessary Abstraction,Identified,OpenPOS.CommonTypes,FrenteCaixa,CaixaObrigatorio,
Unutilized Abstraction,Identified,OpenPOS.CommonTypes,FrenteCaixa,CaixaObrigatorio,
Unnecessary Abstraction,Identified,OpenPOS.CommonTypes,FrenteCaixa,DataHoraAberturaObrigatorio,
Unutilized Abstraction,Identified,OpenPOS.CommonTypes,FrenteCaixa,DataHoraAberturaObrigatorio,
Unnecessary Abstraction,Identified,OpenPOS.CommonTypes,FrenteCaixa,DataHoraFechamentoObrigatorio,
Unutilized Abstraction,Identified,OpenPOS.CommonTypes,FrenteCaixa,DataHoraFechamentoObrigatorio,
Unnecessary Abstraction,Identified,OpenPOS.CommonTypes,FrenteCaixa,DataHoraFechamentoMenor,
Unutilized Abstraction,Identified,OpenPOS.CommonTypes,FrenteCaixa,DataHoraFechamentoMenor,
Unnecessary Abstraction,Identified,OpenPOS.CommonTypes,FrenteCaixa,TabelaPrecoPadraoNaoDefinida,
Unutilized Abstraction,Identified,OpenPOS.CommonTypes,FrenteCaixa,TabelaPrecoPadraoNaoDefinida,
Unutilized Abstraction,Identified,OpenPOS.CommonTypes,ComponentModel,TipoFiltroQuantidade,
Unutilized Abstraction,Identified,OpenPOS.CommonTypes,ComponentModel,ToolbarEventType,
Unutilized Abstraction,Identified,OpenPOS.CommonTypes,ComponentModel,BobinaStatusImpressao,
Unnecessary Abstraction,Identified,OpenPOS.CommonTypes,Desktop,DynamicPaging,
Unutilized Abstraction,Identified,OpenPOS.CommonTypes,Desktop,DynamicPaging,
Unutilized Abstraction,Identified,OpenPOS.CommonTypes,Sintegra,CodigoAntecipacao,
Unutilized Abstraction,Identified,OpenPOS.CommonTypes,Sintegra,CodigoEstruturaArquivo,
Unutilized Abstraction,Identified,OpenPOS.CommonTypes,Sintegra,CodigoIdentificacaoNatureza,
Unutilized Abstraction,Identified,OpenPOS.CommonTypes,Sintegra,FinalidadeArquivo,
Unutilized Abstraction,Identified,OpenPOS.CommonTypes,Sintegra,CodigoPosse,
Unutilized Abstraction,Identified,OpenPOS.CommonTypes,ECF,TipoImpressora,
Unutilized Abstraction,Identified,OpenPOS.CommonTypes,ECF,TipoOutrosDocumentos,
Unutilized Abstraction,Identified,OpenPOS.CommonTypes,ECF,ModeloECF,
Unutilized Abstraction,Identified,OpenPOS.CommonTypes,ECF,ECFNaoIniciado,
Unnecessary Abstraction,Identified,OpenPOS.CommonTypes,ECF,TerminalSemImpressora,
Unutilized Abstraction,Identified,OpenPOS.CommonTypes,ECF,TerminalSemImpressora,
Unnecessary Abstraction,Identified,OpenPOS.CommonTypes,ECF,TerminalSemImpressoraConectada,
Unutilized Abstraction,Identified,OpenPOS.CommonTypes,ECF,TerminalSemImpressoraConectada,
Unnecessary Abstraction,Identified,OpenPOS.CommonTypes,ECF,TerminalSemPDV,
Unutilized Abstraction,Identified,OpenPOS.CommonTypes,ECF,TerminalSemPDV,
Unnecessary Abstraction,Identified,OpenPOS.CommonTypes,ECF,CancelamentoItemNaoPermitido,
Unutilized Abstraction,Identified,OpenPOS.CommonTypes,ECF,CancelamentoItemNaoPermitido,
Unnecessary Abstraction,Identified,OpenPOS.CommonTypes,ECF,TotalizadorNaoFiscalNaoVinculado,
Unutilized Abstraction,Identified,OpenPOS.CommonTypes,ECF,TotalizadorNaoFiscalNaoVinculado,
Unnecessary Abstraction,Identified,OpenPOS.CommonTypes,ECF,SemDAVEmitidoPeriodo,
Unutilized Abstraction,Identified,OpenPOS.CommonTypes,ECF,SemDAVEmitidoPeriodo,
Unnecessary Abstraction,Identified,OpenPOS.CommonTypes,ECF,SemDAVEmitido,
Unutilized Abstraction,Identified,OpenPOS.CommonTypes,ECF,SemDAVEmitido,
Unnecessary Abstraction,Identified,OpenPOS.CommonTypes,ECF,RodapeNaoDefinido,
Unutilized Abstraction,Identified,OpenPOS.CommonTypes,ECF,RodapeNaoDefinido,
Unutilized Abstraction,Identified,OpenPOS.CommonTypes,Log,TipoEvento,
Unutilized Abstraction,Identified,OpenPOS.CommonTypes,NFe,TipoAmbiente,
Unutilized Abstraction,Identified,OpenPOS.CommonTypes,NFe,TipoEmissao,
Unutilized Abstraction,Identified,OpenPOS.CommonTypes,NFe,TipoImpressao,
Unutilized Abstraction,Identified,OpenPOS.CommonTypes,NFe,Finalidade,
Unutilized Abstraction,Identified,OpenPOS.CommonTypes,NFe,ProcessoEmissao,
Unutilized Abstraction,Identified,OpenPOS.CommonTypes,NFe,IndicadorTotal,
Unutilized Abstraction,Identified,OpenPOS.CommonTypes,NFe,TipoServico,
Unnecessary Abstraction,Identified,OpenPOS.CommonTypes,NFe,WaitFileExpired,
Unutilized Abstraction,Identified,OpenPOS.CommonTypes,NFe,WaitFileExpired,
Unnecessary Abstraction,Identified,OpenPOS.CommonTypes,NFe,NFCeValorTotalSuperiorPermitidoParaDestinatarioNaoIdentificado,
Unutilized Abstraction,Identified,OpenPOS.CommonTypes,NFe,NFCeValorTotalSuperiorPermitidoParaDestinatarioNaoIdentificado,
Unnecessary Abstraction,Identified,OpenPOS.CommonTypes,NFe,NFCeValorTotalSuperiorAoPermitidoParaFaturamento,
Unutilized Abstraction,Identified,OpenPOS.CommonTypes,NFe,NFCeValorTotalSuperiorAoPermitidoParaFaturamento,
Unnecessary Abstraction,Identified,OpenPOS.CommonTypes,NFe,PISErroCSTInformada,
Unutilized Abstraction,Identified,OpenPOS.CommonTypes,NFe,PISErroCSTInformada,
Unutilized Abstraction,Identified,OpenPOS.CommonTypes,NFe,ErrorSendNFe,
Unutilized Abstraction,Identified,OpenPOS.CommonTypes,NFe,DFEException,
Unnecessary Abstraction,Identified,OpenPOS.CommonTypes,NFe,DataEmissaoSuperiorPermitidaConsultaSituacaoNFeException,
Unutilized Abstraction,Identified,OpenPOS.CommonTypes,NFe,DataEmissaoSuperiorPermitidaConsultaSituacaoNFeException,
Unnecessary Abstraction,Identified,OpenPOS.CommonTypes,NFe,CNPJDestinatarioIgualEmitenteException,
Unutilized Abstraction,Identified,OpenPOS.CommonTypes,NFe,CNPJDestinatarioIgualEmitenteException,
Unnecessary Abstraction,Identified,OpenPOS.CommonTypes,NFe,DestinatarioNFeNFCeNaoPossuiEndereco,
Unutilized Abstraction,Identified,OpenPOS.CommonTypes,NFe,DestinatarioNFeNFCeNaoPossuiEndereco,
Unnecessary Abstraction,Identified,OpenPOS.CommonTypes,NFe,ProcessoSincronoSPNaoPermitido,
Unutilized Abstraction,Identified,OpenPOS.CommonTypes,NFe,ProcessoSincronoSPNaoPermitido,
Unnecessary Abstraction,Identified,OpenPOS.CommonTypes,NFe,TamanhoMininoMaximoJustificativa,
Unutilized Abstraction,Identified,OpenPOS.CommonTypes,NFe,TamanhoMininoMaximoJustificativa,
Unnecessary Abstraction,Identified,OpenPOS.CommonTypes,NFe,PercentualCreditoSimplesNacionalNaoCadastrado,
Unutilized Abstraction,Identified,OpenPOS.CommonTypes,NFe,PercentualCreditoSimplesNacionalNaoCadastrado,
Unnecessary Abstraction,Identified,OpenPOS.CommonTypes,NFe,NumeroDFeInvalido,
Unutilized Abstraction,Identified,OpenPOS.CommonTypes,NFe,NumeroDFeInvalido,
Unnecessary Abstraction,Identified,OpenPOS.CommonTypes,OpenPOS.Exceptions,ExceptionBase,
Unutilized Abstraction,Identified,OpenPOS.CommonTypes,OpenPOS.Exceptions,ExceptionBase,
Unnecessary Abstraction,Identified,OpenPOS.CommonTypes,OpenPOS.Exceptions,RegraExceptionBase,
Unutilized Abstraction,Identified,OpenPOS.CommonTypes,OpenPOS.Exceptions,RegraExceptionBase,
Unnecessary Abstraction,Identified,OpenPOS.CommonTypes,OpenPOS.Exceptions,PassaporteNaoInformado,
Unutilized Abstraction,Identified,OpenPOS.CommonTypes,OpenPOS.Exceptions,PassaporteNaoInformado,
Unnecessary Abstraction,Identified,OpenPOS.CommonTypes,OpenPOS.Exceptions,CPFInvalido,
Unutilized Abstraction,Identified,OpenPOS.CommonTypes,OpenPOS.Exceptions,CPFInvalido,
Unnecessary Abstraction,Identified,OpenPOS.CommonTypes,OpenPOS.Exceptions,CNPJInvalido,
Unutilized Abstraction,Identified,OpenPOS.CommonTypes,OpenPOS.Exceptions,CNPJInvalido,
Unnecessary Abstraction,Identified,OpenPOS.CommonTypes,OpenPOS.Exceptions,TelefoneInvalido,
Unutilized Abstraction,Identified,OpenPOS.CommonTypes,OpenPOS.Exceptions,TelefoneInvalido,
Unnecessary Abstraction,Identified,OpenPOS.CommonTypes,OpenPOS.Exceptions,EMailInvalido,
Unutilized Abstraction,Identified,OpenPOS.CommonTypes,OpenPOS.Exceptions,EMailInvalido,
Unnecessary Abstraction,Identified,OpenPOS.CommonTypes,OpenPOS.Exceptions,CEPInvalido,
Unutilized Abstraction,Identified,OpenPOS.CommonTypes,OpenPOS.Exceptions,CEPInvalido,
Unnecessary Abstraction,Identified,OpenPOS.CommonTypes,OpenPOS.Exceptions,ReadOnlyRecord,
Unutilized Abstraction,Identified,OpenPOS.CommonTypes,OpenPOS.Exceptions,ReadOnlyRecord,
Unutilized Abstraction,Identified,OpenPOS.CommonTypes,OpenPOS.Exceptions,DeleteRecordNotAllowed,
Unutilized Abstraction,Identified,OpenPOS.CommonTypes,OpenPOS.Exceptions,DeletePessoaNotAllowed,
Unutilized Abstraction,Identified,OpenPOS.CommonTypes,OpenPOS.Exceptions,DeleteItemNotAllowed,
Unutilized Abstraction,Identified,OpenPOS.CommonTypes,OpenPOS.Exceptions,FileInUse,
Unnecessary Abstraction,Identified,OpenPOS.CommonTypes,OpenPOS.Exceptions,UniNFeNaoEstaExecutando,
Unutilized Abstraction,Identified,OpenPOS.CommonTypes,OpenPOS.Exceptions,UniNFeNaoEstaExecutando,
Unnecessary Abstraction,Identified,OpenPOS.CommonTypes,Registro,TipoInvalido,
Unutilized Abstraction,Identified,OpenPOS.CommonTypes,Registro,TipoInvalido,
Unnecessary Abstraction,Identified,OpenPOS.CommonTypes,Leaiute,ConteudoObrigatorio,
Unutilized Abstraction,Identified,OpenPOS.CommonTypes,Leaiute,ConteudoObrigatorio,
Unnecessary Abstraction,Identified,OpenPOS.CommonTypes,Leaiute,TipoArquivoObrigatorio,
Unutilized Abstraction,Identified,OpenPOS.CommonTypes,Leaiute,TipoArquivoObrigatorio,
Unnecessary Abstraction,Identified,OpenPOS.CommonTypes,TabelaPreco,TabelaPrecoItemObrigatorio,
Unutilized Abstraction,Identified,OpenPOS.CommonTypes,TabelaPreco,TabelaPrecoItemObrigatorio,
Unnecessary Abstraction,Identified,OpenPOS.CommonTypes,TabelaPreco,ValidadeFinalObrigatoria,
Unutilized Abstraction,Identified,OpenPOS.CommonTypes,TabelaPreco,ValidadeFinalObrigatoria,
Unnecessary Abstraction,Identified,OpenPOS.CommonTypes,TabelaPreco,ValidadeInicialObrigatoria,
Unutilized Abstraction,Identified,OpenPOS.CommonTypes,TabelaPreco,ValidadeInicialObrigatoria,
Unnecessary Abstraction,Identified,OpenPOS.CommonTypes,TabelaPreco,ValidadeInicialFinalIgual,
Unutilized Abstraction,Identified,OpenPOS.CommonTypes,TabelaPreco,ValidadeInicialFinalIgual,
Unnecessary Abstraction,Identified,OpenPOS.CommonTypes,TabelaPreco,ValidadeInicialFinalMaior,
Unutilized Abstraction,Identified,OpenPOS.CommonTypes,TabelaPreco,ValidadeInicialFinalMaior,
Unutilized Abstraction,Identified,OpenPOS.CommonTypes,TabelaPreco,ItemComPrecoJaExistente,
Unnecessary Abstraction,Identified,OpenPOS.CommonTypes,CondicaoPagamento,SemParcela,
Unutilized Abstraction,Identified,OpenPOS.CommonTypes,CondicaoPagamento,SemParcela,
Unnecessary Abstraction,Identified,OpenPOS.CommonTypes,CondicaoPagamento,SemPeriodo,
Unutilized Abstraction,Identified,OpenPOS.CommonTypes,CondicaoPagamento,SemPeriodo,
Unutilized Abstraction,Identified,OpenPOS.CommonTypes,Cryptography,ErroAoAssinar,
Unnecessary Abstraction,Identified,OpenPOS.CommonTypes,Regra,ProdutoSemPrecoPorRegra,
Unutilized Abstraction,Identified,OpenPOS.CommonTypes,Regra,ProdutoSemPrecoPorRegra,
Unnecessary Abstraction,Identified,OpenPOS.CommonTypes,Regra,ProdutoSemPrecoPorTabelaDePrecoPadrao,
Unutilized Abstraction,Identified,OpenPOS.CommonTypes,Regra,ProdutoSemPrecoPorTabelaDePrecoPadrao,
Unutilized Abstraction,Identified,OpenPOS.CommonTypes,Regra,FilterAlreadyExists,
Unnecessary Abstraction,Identified,OpenPOS.CommonTypes,Regra,RegraBaseCalculoObrigatoria,
Unutilized Abstraction,Identified,OpenPOS.CommonTypes,Regra,RegraBaseCalculoObrigatoria,
Unnecessary Abstraction,Identified,OpenPOS.CommonTypes,Regra,AliquotaImpostoNaoInformadaException,
Unutilized Abstraction,Identified,OpenPOS.CommonTypes,Regra,AliquotaImpostoNaoInformadaException,
Unnecessary Abstraction,Identified,OpenPOS.CommonTypes,Regra,CodigoCSTCSOSNNaoInformadoException,
Unutilized Abstraction,Identified,OpenPOS.CommonTypes,Regra,CodigoCSTCSOSNNaoInformadoException,
Unnecessary Abstraction,Identified,OpenPOS.CommonTypes,Regra,CFOPRegraObrigatoria,
Unutilized Abstraction,Identified,OpenPOS.CommonTypes,Regra,CFOPRegraObrigatoria,
Unutilized Abstraction,Identified,OpenPOS.CommonTypes,Regra,CFOPObrigatorio,
Unnecessary Abstraction,Identified,OpenPOS.CommonTypes,Regra,TipoLancamentoObrigatorio,
Unutilized Abstraction,Identified,OpenPOS.CommonTypes,Regra,TipoLancamentoObrigatorio,
Unnecessary Abstraction,Identified,OpenPOS.CommonTypes,Regra,CSTCSOSNRegraObrigatoria,
Unutilized Abstraction,Identified,OpenPOS.CommonTypes,Regra,CSTCSOSNRegraObrigatoria,
Unutilized Abstraction,Identified,OpenPOS.CommonTypes,Regra,CodigoCSTCSOSNICMSObrigatorio,
Unutilized Abstraction,Identified,OpenPOS.CommonTypes,Regra,CodigoCSTCSOSNPISObrigatorio,
Unutilized Abstraction,Identified,OpenPOS.CommonTypes,Regra,CodigoCSTCSOSNCOFINSObrigatorio,
Unnecessary Abstraction,Identified,OpenPOS.CommonTypes,Regra,RegraTributoObrigatoria,
Unutilized Abstraction,Identified,OpenPOS.CommonTypes,Regra,RegraTributoObrigatoria,
Unutilized Abstraction,Identified,OpenPOS.CommonTypes,Regra,AliquotaICMSObrigatoria,
Unutilized Abstraction,Identified,OpenPOS.CommonTypes,Regra,AliquotaPISObrigatoria,
Unutilized Abstraction,Identified,OpenPOS.CommonTypes,Regra,AliquotaCOFINSObrigatoria,
Unutilized Abstraction,Identified,OpenPOS.CommonTypes,Regra,PrioridadeRegraMaiorQuantidadeRegra,
Unnecessary Abstraction,Identified,OpenPOS.CommonTypes,PAF,SemTabelaPreco,
Unutilized Abstraction,Identified,OpenPOS.CommonTypes,PAF,SemTabelaPreco,
Unutilized Abstraction,Identified,OpenPOS.CommonTypes,Compiler,CompilerErrors,
Unutilized Abstraction,Identified,OpenPOS.CommonTypes,Compiler,CompilerErrorsCantCreateObject,
Unutilized Abstraction,Identified,OpenPOS.CommonTypes,Compiler,CompilerErrorsInvalidMethod,
Unnecessary Abstraction,Identified,OpenPOS.CommonTypes,ETL,TipoArquivoInvalido,
Unutilized Abstraction,Identified,OpenPOS.CommonTypes,ETL,TipoArquivoInvalido,
Unnecessary Abstraction,Identified,OpenPOS.CommonTypes,ETL,MappingFileDoesntExist,
Unutilized Abstraction,Identified,OpenPOS.CommonTypes,ETL,MappingFileDoesntExist,
Unnecessary Abstraction,Identified,OpenPOS.CommonTypes,ETL,ArquivoJaImportado,
Unutilized Abstraction,Identified,OpenPOS.CommonTypes,ETL,ArquivoJaImportado,
Unnecessary Abstraction,Identified,OpenPOS.CommonTypes,ETL,EstadoInvalido,
Unutilized Abstraction,Identified,OpenPOS.CommonTypes,ETL,EstadoInvalido,
Unnecessary Abstraction,Identified,OpenPOS.CommonTypes,OpenPOS.Faturamento.Lancamento.Cancelamento,DadosCancelamento,
Unutilized Abstraction,Identified,OpenPOS.CommonTypes,OpenPOS.Faturamento.Lancamento.Cancelamento,DadosCancelamento,
Unutilized Abstraction,Identified,OpenPOS.CommonTypes,OpenPOS.Interfaces.Faturamento.Lancamento.Cancelamento,ICancelar,
Unnecessary Abstraction,Identified,OpenPOS.CommonTypes,OpenPOS.Interfaces.Faturamento.Lancamento.Cancelamento,IDadosCancelamento,
Unutilized Abstraction,Identified,OpenPOS.CommonTypes,OpenPOS.Interfaces.Faturamento.Lancamento.Cancelamento,IDadosCancelamento,
Unutilized Abstraction,Identified,OpenPOS.CommonTypes,OpenPOS.NFe,IGenerateNFe,
Unutilized Abstraction,Identified,OpenPOS.CommonTypes,OpenPOS.NFe,InutilizacaoResult,
Unutilized Abstraction,Identified,OpenPOS.CommonTypes,OpenPOS.UniBot,Formato,
Unutilized Abstraction,Identified,OpenPOS.CommonTypes,OpenPOS.UniBot,NomeArquivo,
Insufficient Modularization,Identified,OpenPOS.CommonTypes,OpenPOS,List<T>,
Insufficient Modularization,Identified,OpenPOS.CommonTypes,OpenPOS,List<T>,
Rebellious Hierarchy,Identified,OpenPOS.CommonTypes,OpenPOS.CustomTypeConverters,TypeConverterBase,
Wide Hierarchy,Identified,OpenPOS.CommonTypes,OpenPOS.Exceptions,ExceptionBase,
Wide Hierarchy,Identified,OpenPOS.CommonTypes,OpenPOS.Exceptions,RegraExceptionBase,
Unutilized Abstraction,Identified,OpenPOS.Core,OpenPOS.Cryptography,AESCryptography,
Unutilized Abstraction,Identified,OpenPOS.Core,OpenPOS.Cryptography.Files,MD5PAFFile,
Duplicate Abstraction,Identified,OpenPOS.Core,OpenPOS.Cryptography.Files,MD5,
Duplicate Abstraction,Identified,OpenPOS.Core,OpenPOS.Data.Abstract.Faturamento.Lancamento.Movimento.DAV,DAVBase,
Duplicate Abstraction,Identified,OpenPOS.Core,OpenPOS.Data.Abstract.Regra.AnaliseCredito,RegraFiltroBase,
Duplicate Abstraction,Identified,OpenPOS.Core,OpenPOS.Data.Abstract.Regra.AnaliseCredito,RegraBase,
Imperative Abstraction,Identified,OpenPOS.Core,OpenPOS.Data.Abstract.Regra.BaseCalculo,RegraFiltroBase,
Duplicate Abstraction,Identified,OpenPOS.Core,OpenPOS.Data.Abstract.Financeiro.Lancamento,LancamentoBase,
Duplicate Abstraction,Identified,OpenPOS.Core,OpenPOS.Data.Abstract.Cadastro.Item,ItemBase,
Imperative Abstraction,Identified,OpenPOS.Core,OpenPOS.Data.Abstract.Configuracao,ConfiguracaoEGUIDBase,
Unnecessary Abstraction,Identified,OpenPOS.Core,OpenPOS.Data.Abstract,ParentBase<T>,
Imperative Abstraction,Identified,OpenPOS.Core,OpenPOS.Data.Abstract.Regra.Desconto,DescontoRegraFiltroBase,
Imperative Abstraction,Identified,OpenPOS.Core,OpenPOS.Database,CommandFactory,
Unnecessary Abstraction,Identified,OpenPOS.Core,OpenPOS.Database,MyHierarchicalType,
Unutilized Abstraction,Identified,OpenPOS.Core,OpenPOS,ComparisonValues,
Unutilized Abstraction,Identified,OpenPOS.Core,OpenPOS,ConnectionExtensions,
Unutilized Abstraction,Identified,OpenPOS.Core,OpenPOS,BaseModelExtensions,
Unutilized Abstraction,Identified,OpenPOS.Core,OpenPOS,DadoPessoaExtensions,
Unutilized Abstraction,Identified,OpenPOS.Core,OpenPOS,EGUIDExtensions,
Unutilized Abstraction,Identified,OpenPOS.Core,OpenPOS,FormatoExtensions,
Unutilized Abstraction,Identified,OpenPOS.Core,OpenPOS,TipoArquivoExtensions,
Unutilized Abstraction,Identified,OpenPOS.Core,OpenPOS,UsuarioExtensions,
Unutilized Abstraction,Identified,OpenPOS.Core,OpenPOS,_BOTSettings,
Unutilized Abstraction,Identified,OpenPOS.Core,OpenPOS,_EmpresaSettings,
Unutilized Abstraction,Identified,OpenPOS.Core,OpenPOS,_ServerSettings,
Duplicate Abstraction,Identified,OpenPOS.Core,OpenPOS.Data.Abstract.Cadastro.TabelaPreco,ItemBase,
Duplicate Abstraction,Identified,OpenPOS.Core,OpenPOS.Data.Abstract.Faturamento.Lancamento.Cancelamento.Item,ItemBase,
Duplicate Abstraction,Identified,OpenPOS.Core,OpenPOS.Data.Abstract.Faturamento.Lancamento.Cancelamento.Item,ItemBase,
Unutilized Abstraction,Identified,OpenPOS.Core,OpenPOS.Data.Abstract.Faturamento.Lancamento.Movimento.Item.NF,ItemBase,
Duplicate Abstraction,Identified,OpenPOS.Core,OpenPOS.Data.Abstract.Faturamento.Lancamento.Movimento.Item.NF,ItemBase,
Duplicate Abstraction,Identified,OpenPOS.Core,OpenPOS.Data.Abstract.Faturamento.Lancamento.Movimento.Item.DAV,ItemBase,
Unutilized Abstraction,Identified,OpenPOS.Core,OpenPOS.Data.Abstract.Faturamento.Lancamento.Movimento.Item.DAV.OS,ItemBase,
Duplicate Abstraction,Identified,OpenPOS.Core,OpenPOS.Data.Cadastro,ContaClienteMesa,
Duplicate Abstraction,Identified,OpenPOS.Core,OpenPOS.Data.Cadastro,CSTCSOSN,
Duplicate Abstraction,Identified,OpenPOS.Core,OpenPOS.Data.Cadastro.Pessoa,Ocorrencia,
Duplicate Abstraction,Identified,OpenPOS.Core,OpenPOS.Data.Cadastro.Pessoa,Endereco,
Duplicate Abstraction,Identified,OpenPOS.Core,OpenPOS.Data.Cadastro.Tributo,Tributo,
Imperative Abstraction,Identified,OpenPOS.Core,OpenPOS.Data.ECF.Cadastro,Impressora,
Duplicate Abstraction,Identified,OpenPOS.Core,OpenPOS.Data.Faturamento.Cadastro,Inutilizacao,
Duplicate Abstraction,Identified,OpenPOS.Core,OpenPOS.Data.Faturamento.Lancamento.Movimento.Item.CFeSAT,Item,
Unutilized Abstraction,Identified,OpenPOS.Core,OpenPOS.Data.Faturamento.Lancamento.Movimento.Item.NFCe,Item,
Duplicate Abstraction,Identified,OpenPOS.Core,OpenPOS.Data.Faturamento.Lancamento.Movimento.Item.NFCe,Item,
Duplicate Abstraction,Identified,OpenPOS.Core,OpenPOS.Data.Faturamento.Lancamento.Movimento.Item.NFCe,Item,
Duplicate Abstraction,Identified,OpenPOS.Core,OpenPOS.Data.FrenteCaixa.Conferencia,Caixa,
Duplicate Abstraction,Identified,OpenPOS.Core,OpenPOS.Data.FrenteCaixa.Lancamento,FechaCaixa,
Duplicate Abstraction,Identified,OpenPOS.Core,OpenPOS.Data.FrenteCaixa.Lancamento,FechaCaixa,
Duplicate Abstraction,Identified,OpenPOS.Core,OpenPOS.Data.Regra.BaseCalculo,RegraFiltro,
Duplicate Abstraction,Identified,OpenPOS.Core,OpenPOS.Data.Regra.BaseCalculo,Regra,
Imperative Abstraction,Identified,OpenPOS.Core,OpenPOS.Data.Regra.CFOP,CFOPRegraFiltro,
Imperative Abstraction,Identified,OpenPOS.Core,OpenPOS.Data.Regra.TextoPadrao,TextoPadraoRegraFiltro,
Imperative Abstraction,Identified,OpenPOS.Core,OpenPOS.Data.Regra.Tributo,TributoRegraFiltro,
Unutilized Abstraction,Identified,OpenPOS.Core,OpenPOS.Data.Cadastro.Endereco,Endereco,
Duplicate Abstraction,Identified,OpenPOS.Core,OpenPOS.Data.Estoque.Saldo,SaldoItem,
Duplicate Abstraction,Identified,OpenPOS.Core,OpenPOS.Data.Estoque.Saldo,SaldoItem,
Duplicate Abstraction,Identified,OpenPOS.Core,OpenPOS.Data.Estoque.Saldo,SaldoItem,
Duplicate Abstraction,Identified,OpenPOS.Core,OpenPOS.Data.Estoque.Saldo,SaldoItem,
Duplicate Abstraction,Identified,OpenPOS.Core,OpenPOS.Data.Estoque.Saldo,SaldoItem,
Duplicate Abstraction,Identified,OpenPOS.Core,OpenPOS.Data.Estoque.Saldo,SaldoItem,
Duplicate Abstraction,Identified,OpenPOS.Core,OpenPOS.Data.Estoque.Saldo,SaldoItem,
Duplicate Abstraction,Identified,OpenPOS.Core,OpenPOS.Data.Estoque.Saldo,SaldoItem,
Imperative Abstraction,Identified,OpenPOS.Core,OpenPOS.Data.Regra.Desconto,DescontoRegraExcecao,
Imperative Abstraction,Identified,OpenPOS.Core,OpenPOS.Data.Faturamento.Lancamento.Movimento.Baixa.FormaBaixa.TEF,BaixaTEF,
Unutilized Abstraction,Identified,OpenPOS.Core,OpenPOS.Data.Faturamento.Lancamento.Movimento.Item.NFManual,Item,
Unutilized Abstraction,Identified,OpenPOS.Core,OpenPOS.Data.Faturamento.Lancamento.Movimento.DadoPessoa,DadoPessoa,
Duplicate Abstraction,Identified,OpenPOS.Core,OpenPOS.Data.Faturamento.Lancamento.Movimento.DAV,DAV,
Duplicate Abstraction,Identified,OpenPOS.Core,OpenPOS.Data.Faturamento.Lancamento.Movimento.DAV,DAV,
Unutilized Abstraction,Identified,OpenPOS.Core,OpenPOS.Data.Faturamento.Lancamento.Movimento.Item.NFe,Item,
Unutilized Abstraction,Identified,OpenPOS.Core,OpenPOS.Data.Faturamento.Lancamento.Movimento.Item.DAV.OS,Item,
Unnecessary Abstraction,Identified,OpenPOS.Core,OpenPOS.Shared,PesquisarComprasResult,
Unnecessary Abstraction,Identified,OpenPOS.Core,OpenPOS.Shared,PesquisarDAVPreVendaResult,
Unutilized Abstraction,Identified,OpenPOS.Core,OpenPOS.NFe,Inutilizacao,
Unutilized Abstraction,Identified,OpenPOS.Core,OpenPOS.NFe.CustomTypeConverters,ChaveNFeTypeConverter,
Unutilized Abstraction,Identified,OpenPOS.Core,OpenPOS.Shared.Regra.Abstract.Tributo,RegraTributoResultBase<F>,
Unutilized Abstraction,Identified,OpenPOS.Core,OpenPOS.Shared.Regra.Abstract,RegraResultBase<F>,
Unutilized Abstraction,Identified,OpenPOS.Core,OpenPOS.Shared.Regra.Abstract,RegraBase<R;F>,
Unnecessary Abstraction,Identified,OpenPOS.Core,OpenPOS.Shared.Regra.Abstract,RegraFilterBase,
Duplicate Abstraction,Identified,OpenPOS.Core,OpenPOS.Shared.Regra.Tributo,RetornaBaseCalculo,
Unutilized Abstraction,Identified,OpenPOS.Core,OpenPOS.Shared.Regra.Tributo,RetornaCFOP,
Unnecessary Abstraction,Identified,OpenPOS.Core,OpenPOS.Shared.Regra.Tributo,RegraCSTCSOSNFilter,
Unutilized Abstraction,Identified,OpenPOS.Core,OpenPOS.Shared.Regra.Tributo,RetornaCSTCSOSN,
Unutilized Abstraction,Identified,OpenPOS.Core,OpenPOS.Shared.Regra.Tributo,CalcularTributo,
Unutilized Abstraction,Identified,OpenPOS.Core,OpenPOS.Shared.Regra.TextoPadrao,RetornaTextoPadrao,
Unutilized Abstraction,Identified,OpenPOS.Core,OpenPOS.Shared.DadosCheque,DadosCheque,
Unnecessary Abstraction,Identified,OpenPOS.Core,OpenPOS.Estoque.Saldo,SaldoItemResult,
Imperative Abstraction,Identified,OpenPOS.Core,OpenPOS.Shared.Financeiro,AnalisarCredito,
Unnecessary Abstraction,Identified,OpenPOS.Core,OpenPOS.Shared.Financeiro,AnaliseCreditoResult,
Imperative Abstraction,Identified,OpenPOS.Core,OpenPOS.Shared.Regra.Desconto,CalcularDesconto,
Unutilized Abstraction,Identified,OpenPOS.Core,OpenPOS.Shared.Regra.Desconto,CalcularDesconto,
Imperative Abstraction,Identified,OpenPOS.Core,OpenPOS.Shared.Regra.Preco,CalcularPreco,
Unutilized Abstraction,Identified,OpenPOS.Core,OpenPOS.Shared.Regra.Preco,CalcularPreco,
Unnecessary Abstraction,Identified,OpenPOS.Core,OpenPOS.Shared.Regra.Preco,RegraPrecoFilter,
Unutilized Abstraction,Identified,OpenPOS.Core,OpenPOS.Shared.Regra.Abstract.Desconto,RegraDescontoResultBase<F>,
Unutilized Abstraction,Identified,OpenPOS.Core,OpenPOS.Core,Utilities,
Unexploited Encapsulation,Identified,OpenPOS.Core,OpenPOS.Data.Abstract.Faturamento.Lancamento.Movimento.NF,NFBase,
Unexploited Encapsulation,Identified,OpenPOS.Core,OpenPOS.Data.Abstract.Regra.Tributo,CFOPRegraBase,
Unexploited Encapsulation,Identified,OpenPOS.Core,OpenPOS.Data.Abstract.Regra,RegraBase,
Unexploited Encapsulation,Identified,OpenPOS.Core,OpenPOS.Data.Abstract.Regra,RegraBase,
Unexploited Encapsulation,Identified,OpenPOS.Core,OpenPOS.Data.Abstract.Regra,RegraBase,
Unexploited Encapsulation,Identified,OpenPOS.Core,OpenPOS.Data.Abstract.Regra,RegraBase,
Unexploited Encapsulation,Identified,OpenPOS.Core,OpenPOS.Data.Abstract.Regra,RegraBase,
Unexploited Encapsulation,Identified,OpenPOS.Core,OpenPOS.Data.Abstract.Regra,RegraBase,
Unexploited Encapsulation,Identified,OpenPOS.Core,OpenPOS.Data.Abstract.Faturamento.Lancamento.Movimento.Item,ItemBase,
Unexploited Encapsulation,Identified,OpenPOS.Core,OpenPOS.Data.Abstract.Faturamento.Lancamento.Movimento.Item,ItemBase,
Unexploited Encapsulation,Identified,OpenPOS.Core,OpenPOS.Data.Abstract.Faturamento.Lancamento.Movimento.Item,ItemBase,
Unexploited Encapsulation,Identified,OpenPOS.Core,OpenPOS,TipoArquivoExtensions,
Unexploited Encapsulation,Identified,OpenPOS.Core,OpenPOS,TipoArquivoExtensions,
Unexploited Encapsulation,Identified,OpenPOS.Core,OpenPOS,TipoArquivoExtensions,
Deficient Encapsulation,Identified,OpenPOS.Core,OpenPOS,Settings,
Deficient Encapsulation,Identified,OpenPOS.Core,OpenPOS,Settings,
Deficient Encapsulation,Identified,OpenPOS.Core,OpenPOS,_ECFSettings,
Unexploited Encapsulation,Identified,OpenPOS.Core,OpenPOS.Shared.Cadastro.Lancamento.Movimento,CalculoItemEspecial,
Unexploited Encapsulation,Identified,OpenPOS.Core,OpenPOS.Shared.Regra.Preco,CalcularPreco,
Cyclically-dependent Modularization,Identified,OpenPOS.Core,OpenPOS.Compiler,Code,
Cyclically-dependent Modularization,Identified,OpenPOS.Core,OpenPOS.Compiler,Builder,
Insufficient Modularization,Identified,OpenPOS.Core,OpenPOS.Data.Abstract.Faturamento.Lancamento.Movimento.NF,NFBase,
Cyclically-dependent Modularization,Identified,OpenPOS.Core,OpenPOS.Data.Abstract.Regra,RegraBase,
Cyclically-dependent Modularization,Identified,OpenPOS.Core,OpenPOS.Data.Abstract.Regra,RegraBase,
Cyclically-dependent Modularization,Identified,OpenPOS.Core,OpenPOS.Data.Abstract.Configuracao,ConfiguracaoBase,
Cyclically-dependent Modularization,Identified,OpenPOS.Core,OpenPOS.Data.Abstract.Faturamento.Lancamento.Movimento.Baixa.FormaBaixa,BaixaFormaBase,
Insufficient Modularization,Identified,OpenPOS.Core,OpenPOS.Data.Abstract,Base,
Insufficient Modularization,Identified,OpenPOS.Core,OpenPOS.Data.Abstract,Base,
Cyclically-dependent Modularization,Identified,OpenPOS.Core,OpenPOS.Data.Abstract.Regra.Desconto,DescontoRegraBase,
Cyclically-dependent Modularization,Identified,OpenPOS.Core,OpenPOS.Data.Abstract.Regra.Desconto,DescontoRegraBase,
Cyclically-dependent Modularization,Identified,OpenPOS.Core,OpenPOS.Data.Abstract.FrenteCaixa.Lancamento,LancamentoCaixaBase,
Cyclically-dependent Modularization,Identified,OpenPOS.Core,OpenPOS.Database,CommandFactory,
Cyclically-dependent Modularization,Identified,OpenPOS.Core,OpenPOS.Database,CommandFactory,
Cyclically-dependent Modularization,Identified,OpenPOS.Core,OpenPOS,DbContext,
Cyclically-dependent Modularization,Identified,OpenPOS.Core,OpenPOS,DbContext,
Cyclically-dependent Modularization,Identified,OpenPOS.Core,OpenPOS,DbContext,
Cyclically-dependent Modularization,Identified,OpenPOS.Core,OpenPOS,Settings,
Cyclically-dependent Modularization,Identified,OpenPOS.Core,OpenPOS,Settings,
Cyclically-dependent Modularization,Identified,OpenPOS.Core,OpenPOS,Settings,
Cyclically-dependent Modularization,Identified,OpenPOS.Core,OpenPOS,Setting,
Cyclically-dependent Modularization,Identified,OpenPOS.Core,OpenPOS,Setting,
Cyclically-dependent Modularization,Identified,OpenPOS.Core,OpenPOS,Setting,
Cyclically-dependent Modularization,Identified,OpenPOS.Core,OpenPOS.Data.Abstract.Faturamento.Lancamento.Movimento,MovimentoBase,
Cyclically-dependent Modularization,Identified,OpenPOS.Core,OpenPOS.Data.Faturamento.Lancamento.Movimento.PreVenda,PreVenda,
Cyclically-dependent Modularization,Identified,OpenPOS.Core,OpenPOS.Data.Configuracao,Configuracao,
Cyclically-dependent Modularization,Identified,OpenPOS.Core,OpenPOS.Data.Configuracao,Configuracao,
Cyclically-dependent Modularization,Identified,OpenPOS.Core,OpenPOS.Data.Configuracao,ConfiguracaoEmpresa,
Cyclically-dependent Modularization,Identified,OpenPOS.Core,OpenPOS.Data.Configuracao,ConfiguracaoEmpresa,
Cyclically-dependent Modularization,Identified,OpenPOS.Core,OpenPOS.Data.Configuracao,ConfiguracaoPDV,
Cyclically-dependent Modularization,Identified,OpenPOS.Core,OpenPOS.Data.Configuracao,ConfiguracaoPDV,
Cyclically-dependent Modularization,Identified,OpenPOS.Core,OpenPOS.Data.Regra.Desconto,DescontoRegra,
Cyclically-dependent Modularization,Identified,OpenPOS.Core,OpenPOS.Data.Regra.Desconto,DescontoRegra,
Broken Modularization,Identified,OpenPOS.Core,OpenPOS.Shared.Regra.Tributo,RegraBaseCalculoFilter,
Broken Modularization,Identified,OpenPOS.Core,OpenPOS.Shared.Regra.Tributo,RegraCFOPFilter,
Broken Modularization,Identified,OpenPOS.Core,OpenPOS.Shared.Regra.Tributo,RegraTributoFilter,
Broken Modularization,Identified,OpenPOS.Core,OpenPOS.Shared.Regra.TextoPadrao,RegraTextoPadraoFilter,
Broken Modularization,Identified,OpenPOS.Core,OpenPOS.Estoque.Saldo,SaldoItemResult,
Broken Modularization,Identified,OpenPOS.Core,OpenPOS.Shared.Financeiro.Lancamento,ParcelaResult,
Broken Modularization,Identified,OpenPOS.Core,OpenPOS.Shared.Regra.Desconto,RegraDescontoFilter,
Unfactored Hierarchy,Identified,OpenPOS.Core,OpenPOS.Data.Abstract.Cadastro,RegiaoBase,
Cyclic Hierarchy,Identified,OpenPOS.Core,OpenPOS.Data.Abstract.Regra.AnaliseCredito,RegraBase,
Unfactored Hierarchy,Identified,OpenPOS.Core,OpenPOS.Data.Abstract.Regra.AnaliseCredito,RegraBase,
Unfactored Hierarchy,Identified,OpenPOS.Core,OpenPOS.Data.Abstract.Regra.BaseCalculo,RegraBase,
Cyclic Hierarchy,Identified,OpenPOS.Core,OpenPOS.Data.Abstract.Regra,RegraBase,
Cyclic Hierarchy,Identified,OpenPOS.Core,OpenPOS.Data.Abstract.Regra,RegraBase,
Cyclic Hierarchy,Identified,OpenPOS.Core,OpenPOS.Data.Abstract.Regra,RegraBase,
Cyclic Hierarchy,Identified,OpenPOS.Core,OpenPOS.Data.Abstract.Regra,RegraBase,
Cyclic Hierarchy,Identified,OpenPOS.Core,OpenPOS.Data.Abstract.Regra,RegraBase,
Cyclic Hierarchy,Identified,OpenPOS.Core,OpenPOS.Data.Abstract.Regra,RegraBase,
Missing Hierarchy,Identified,OpenPOS.Core,OpenPOS.Data.Abstract.Financeiro.Lancamento,PagarReceberBase,
Cyclic Hierarchy,Identified,OpenPOS.Core,OpenPOS.Data.Abstract.Cadastro.Item,EspecialBase,
Cyclic Hierarchy,Identified,OpenPOS.Core,OpenPOS.Data.Abstract.Cadastro.Item,EspecialBase,
Cyclic Hierarchy,Identified,OpenPOS.Core,OpenPOS.Data.Abstract.Cadastro.Item,EspecialBase,
Cyclic Hierarchy,Identified,OpenPOS.Core,OpenPOS.Data.Abstract.Cadastro.Item,EspecialBase,
Cyclic Hierarchy,Identified,OpenPOS.Core,OpenPOS.Data.Abstract.Cadastro.Item,EspecialBase,
Unfactored Hierarchy,Identified,OpenPOS.Core,OpenPOS.Data.Cadastro.Periodo,MensalBase,
Multipath Hierarchy,Identified,OpenPOS.Core,OpenPOS.Data.Cadastro.Periodo,Mensal,
Broken Hierarchy,Identified,OpenPOS.Core,OpenPOS.Data.Cadastro.Periodo,Mensal,
Broken Hierarchy,Identified,OpenPOS.Core,OpenPOS.Data.Cadastro.Periodo,Periodo,
Multipath Hierarchy,Identified,OpenPOS.Core,OpenPOS.Data.Cadastro.Periodo,Anual,
Broken Hierarchy,Identified,OpenPOS.Core,OpenPOS.Data.Cadastro.Periodo,Anual,
Multipath Hierarchy,Identified,OpenPOS.Core,OpenPOS.Data.Cadastro.Periodo,Semanal,
Broken Hierarchy,Identified,OpenPOS.Core,OpenPOS.Data.Cadastro.Periodo,Semanal,
Missing Hierarchy,Identified,OpenPOS.Core,OpenPOS.Data.Abstract.Faturamento.Lancamento.Movimento.Item,ItemBase,
Missing Hierarchy,Identified,OpenPOS.Core,OpenPOS.Data.Abstract.Faturamento.Lancamento.Movimento.Item,ItemBase,
Missing Hierarchy,Identified,OpenPOS.Core,OpenPOS.Data.Abstract.Faturamento.Lancamento.Movimento.Item,ItemBase,
Missing Hierarchy,Identified,OpenPOS.Core,OpenPOS.Data.Abstract.Faturamento.Lancamento.Movimento.Item,ItemBase,
Missing Hierarchy,Identified,OpenPOS.Core,OpenPOS.Data.Abstract.Faturamento.Lancamento.Movimento.Item,ItemBase,
Missing Hierarchy,Identified,OpenPOS.Core,OpenPOS.Data.Abstract.Faturamento.Lancamento.Movimento.Item,ItemBase,
Rebellious Hierarchy,Identified,OpenPOS.Core,OpenPOS.Data.Abstract,Base,
Rebellious Hierarchy,Identified,OpenPOS.Core,OpenPOS.Data.Abstract,ChildModelBase<T>,
Unfactored Hierarchy,Identified,OpenPOS.Core,OpenPOS.Data.Abstract,ChildModelBase<T>,
Wide Hierarchy,Identified,OpenPOS.Core,OpenPOS.Data.Abstract,ParentBase,
Multipath Hierarchy,Identified,OpenPOS.Core,OpenPOS.Data.Abstract,ParentBase<T>,
Broken Hierarchy,Identified,OpenPOS.Core,OpenPOS.Data.Abstract,ParentBase<T>,
Cyclic Hierarchy,Identified,OpenPOS.Core,OpenPOS.Data.Abstract.Regra.Desconto,DescontoRegraBase,
Cyclic Hierarchy,Identified,OpenPOS.Core,OpenPOS.Data.Abstract.FrenteCaixa.Lancamento,LancamentoCaixaBase,
Missing Hierarchy,Identified,OpenPOS.Core,OpenPOS,TipoArquivoExtensions,
Missing Hierarchy,Identified,OpenPOS.Core,OpenPOS,TipoArquivoExtensions,
Missing Hierarchy,Identified,OpenPOS.Core,OpenPOS,TipoArquivoExtensions,
Cyclic Hierarchy,Identified,OpenPOS.Core,OpenPOS.Data.Abstract.Cadastro.TabelaPreco,ItemBase,
Unfactored Hierarchy,Identified,OpenPOS.Core,OpenPOS.Data.Abstract.Cadastro.TabelaPreco,ItemBase,
Cyclic Hierarchy,Identified,OpenPOS.Core,OpenPOS.Data.Abstract.Faturamento.Lancamento.Movimento,MovimentoBase,
Cyclic Hierarchy,Identified,OpenPOS.Core,OpenPOS.Data.Abstract.Faturamento.Lancamento.Movimento,MovimentoBase,
Cyclic Hierarchy,Identified,OpenPOS.Core,OpenPOS.Data.Abstract.Faturamento.Lancamento.Movimento,MovimentoBase,
Missing Hierarchy,Identified,OpenPOS.Core,OpenPOS.Data.Abstract.Faturamento.Lancamento.Movimento,MovimentoBase,
Unfactored Hierarchy,Identified,OpenPOS.Core,OpenPOS.Data.Abstract.Sistema.Log,LogIBPTBase,
Broken Hierarchy,Identified,OpenPOS.Core,OpenPOS.Data.Cadastro,CSTCSOSN,
Broken Hierarchy,Identified,OpenPOS.Core,OpenPOS.Data.Cadastro,CFOP,
Broken Hierarchy,Identified,OpenPOS.Core,OpenPOS.Data.Cadastro,NCM,
Multipath Hierarchy,Identified,OpenPOS.Core,OpenPOS.Data.Cadastro,Regiao,
Broken Hierarchy,Identified,OpenPOS.Core,OpenPOS.Data.Cadastro,Regiao,
Broken Hierarchy,Identified,OpenPOS.Core,OpenPOS.Data.Cadastro.Pessoa,Transportador,
Broken Hierarchy,Identified,OpenPOS.Core,OpenPOS.Data.Cadastro.Pessoa,Fornecedor,
Multipath Hierarchy,Identified,OpenPOS.Core,OpenPOS.Data.Cadastro.Pessoa,Endereco,
Broken Hierarchy,Identified,OpenPOS.Core,OpenPOS.Data.Cadastro.Pessoa,Endereco,
Broken Hierarchy,Identified,OpenPOS.Core,OpenPOS.Data.Cadastro.Pessoa,Vendedor,
Multipath Hierarchy,Identified,OpenPOS.Core,OpenPOS.Data.Customizacao,FormControl,
Broken Hierarchy,Identified,OpenPOS.Core,OpenPOS.Data.Customizacao,FormControl,
Multipath Hierarchy,Identified,OpenPOS.Core,OpenPOS.Data.Customizacao,Form,
Broken Hierarchy,Identified,OpenPOS.Core,OpenPOS.Data.Customizacao,Form,
Broken Hierarchy,Identified,OpenPOS.Core,OpenPOS.Data.ECF.Cadastro,Aliquota,
Multipath Hierarchy,Identified,OpenPOS.Core,OpenPOS.Data.Faturamento.Cadastro,Inutilizacao,
Broken Hierarchy,Identified,OpenPOS.Core,OpenPOS.Data.Faturamento.Cadastro,Inutilizacao,
Broken Hierarchy,Identified,OpenPOS.Core,OpenPOS.Data.Faturamento.Cadastro,ContingenciaMovimento,
Broken Hierarchy,Identified,OpenPOS.Core,OpenPOS.Data.Faturamento.Cadastro,Serie,
Unfactored Hierarchy,Identified,OpenPOS.Core,OpenPOS.Data.Faturamento.Lancamento.Movimento.CFeSAT,CFeSAT,
Broken Hierarchy,Identified,OpenPOS.Core,OpenPOS.Data.Faturamento.Lancamento.Movimento.Conferencia,Conferencia,
Broken Hierarchy,Identified,OpenPOS.Core,OpenPOS.Data.Faturamento.Lancamento.Movimento.Item.Conferencia,Item,
Broken Hierarchy,Identified,OpenPOS.Core,OpenPOS.Data.Faturamento.Lancamento.Movimento.Item.NFCe,Item,
Unfactored Hierarchy,Identified,OpenPOS.Core,OpenPOS.Data.Faturamento.Lancamento.Movimento.NFCe,NFCe,
Broken Hierarchy,Identified,OpenPOS.Core,OpenPOS.Data.Faturamento.Lancamento.Movimento.NFCe,NFCe,
Broken Hierarchy,Identified,OpenPOS.Core,OpenPOS.Data.Faturamento.Lancamento.Movimento.Item,Rateio,
Broken Hierarchy,Identified,OpenPOS.Core,OpenPOS.Data.FrenteCaixa.Conferencia,Caixa,
Broken Hierarchy,Identified,OpenPOS.Core,OpenPOS.Data.FrenteCaixa.Conferencia,CaixaFormaPagto,
Unfactored Hierarchy,Identified,OpenPOS.Core,OpenPOS.Data.FrenteCaixa.Lancamento,AdiantamentoFuncionario,
Unfactored Hierarchy,Identified,OpenPOS.Core,OpenPOS.Data.FrenteCaixa.Lancamento,AdiantamentoFuncionario,
Unfactored Hierarchy,Identified,OpenPOS.Core,OpenPOS.Data.FrenteCaixa.Lancamento,AdiantamentoFuncionario,
Broken Hierarchy,Identified,OpenPOS.Core,OpenPOS.Data.FrenteCaixa.Lancamento,AdiantamentoFuncionario,
Broken Hierarchy,Identified,OpenPOS.Core,OpenPOS.Data.FrenteCaixa.Lancamento,PagamentoFornecedor,
Broken Hierarchy,Identified,OpenPOS.Core,OpenPOS.Data.FrenteCaixa.Lancamento,Voucher,
Broken Hierarchy,Identified,OpenPOS.Core,OpenPOS.Data.FrenteCaixa.Lancamento,ValeTransporte,
Broken Hierarchy,Identified,OpenPOS.Core,OpenPOS.Data.FrenteCaixa.Lancamento,LancamentoCaixa,
Broken Hierarchy,Identified,OpenPOS.Core,OpenPOS.Data.FrenteCaixa.Lancamento,Sangria,
Broken Hierarchy,Identified,OpenPOS.Core,OpenPOS.Data.FrenteCaixa.Lancamento,Suprimento,
Broken Hierarchy,Identified,OpenPOS.Core,OpenPOS.Data.Regra.BaseCalculo,RegraFiltro,
Broken Hierarchy,Identified,OpenPOS.Core,OpenPOS.Data.Regra.BaseCalculo,Regra,
Multipath Hierarchy,Identified,OpenPOS.Core,OpenPOS.Data.Regra.CFOP,CFOPRegra,
Broken Hierarchy,Identified,OpenPOS.Core,OpenPOS.Data.Regra.CFOP,CFOPRegra,
Multipath Hierarchy,Identified,OpenPOS.Core,OpenPOS.Data.Regra.CSTCSOSN,CSTCSOSNRegra,
Broken Hierarchy,Identified,OpenPOS.Core,OpenPOS.Data.Regra.CSTCSOSN,CSTCSOSNRegra,
Broken Hierarchy,Identified,OpenPOS.Core,OpenPOS.Data.Regra.Preco,PrecoRegra,
Broken Hierarchy,Identified,OpenPOS.Core,OpenPOS.Data.Regra,Regra,
Broken Hierarchy,Identified,OpenPOS.Core,OpenPOS.Data.Regra.TextoPadrao,TextoPadraoRegra,
Multipath Hierarchy,Identified,OpenPOS.Core,OpenPOS.Data.Regra.Tributo,TributoRegra,
Broken Hierarchy,Identified,OpenPOS.Core,OpenPOS.Data.Regra.Tributo,TributoRegra,
Broken Hierarchy,Identified,OpenPOS.Core,OpenPOS.Data.Cadastro.Financeiro.CondicaoPagamento,CondicaoPagamento,
Broken Hierarchy,Identified,OpenPOS.Core,OpenPOS.Data.Cadastro.Financeiro.CondicaoPagamento,Parcela,
Broken Hierarchy,Identified,OpenPOS.Core,OpenPOS.Data.Cadastro.Financeiro,ContaCorrente,
Broken Hierarchy,Identified,OpenPOS.Core,OpenPOS.Data.Cadastro.Item.Especial,DespesaAcessoria,
Broken Hierarchy,Identified,OpenPOS.Core,OpenPOS.Data.Cadastro.Item.Especial,Desconto,
Broken Hierarchy,Identified,OpenPOS.Core,OpenPOS.Data.Cadastro.Item.Especial,Seguro,
Broken Hierarchy,Identified,OpenPOS.Core,OpenPOS.Data.Cadastro.Item.Especial,EncargoFinanceiro,
Broken Hierarchy,Identified,OpenPOS.Core,OpenPOS.Data.Cadastro.Item.Especial,Frete,
Broken Hierarchy,Identified,OpenPOS.Core,OpenPOS.Data.Cadastro.Item,Servico,
Multipath Hierarchy,Identified,OpenPOS.Core,OpenPOS.Data.Cadastro.Item.Produto,Acabado,
Broken Hierarchy,Identified,OpenPOS.Core,OpenPOS.Data.Cadastro.Item.Produto,Acabado,
Multipath Hierarchy,Identified,OpenPOS.Core,OpenPOS.Data.Cadastro.Item.Produto,Kit,
Broken Hierarchy,Identified,OpenPOS.Core,OpenPOS.Data.Cadastro.Item.Produto,Kit,
Multipath Hierarchy,Identified,OpenPOS.Core,OpenPOS.Data.Cadastro.Item.Produto,KitItem,
Broken Hierarchy,Identified,OpenPOS.Core,OpenPOS.Data.Cadastro.Item.Produto,KitItem,
Broken Hierarchy,Identified,OpenPOS.Core,OpenPOS.Data.Cadastro.TabelaPreco,TabelaPreco,
Broken Hierarchy,Identified,OpenPOS.Core,OpenPOS.Data.Cadastro.TabelaPreco,Item,
Multipath Hierarchy,Identified,OpenPOS.Core,OpenPOS.Data.Cadastro.Veiculo,Veiculo,
Broken Hierarchy,Identified,OpenPOS.Core,OpenPOS.Data.Cadastro.Veiculo,Veiculo,
Multipath Hierarchy,Identified,OpenPOS.Core,OpenPOS.Data.Configuracao,Configuracao,
Broken Hierarchy,Identified,OpenPOS.Core,OpenPOS.Data.Configuracao,Configuracao,
Multipath Hierarchy,Identified,OpenPOS.Core,OpenPOS.Data.Configuracao,ConfiguracaoEGUID,
Broken Hierarchy,Identified,OpenPOS.Core,OpenPOS.Data.Configuracao,ConfiguracaoEGUID,
Broken Hierarchy,Identified,OpenPOS.Core,OpenPOS.Data.Configuracao,ConfiguracaoEmpresa,
Broken Hierarchy,Identified,OpenPOS.Core,OpenPOS.Data.Configuracao,ECFRodape,
Multipath Hierarchy,Identified,OpenPOS.Core,OpenPOS.Data.Financeiro,AnaliseCredito,
Broken Hierarchy,Identified,OpenPOS.Core,OpenPOS.Data.Financeiro,AnaliseCredito,
Broken Hierarchy,Identified,OpenPOS.Core,OpenPOS.Data.Financeiro.Lancamento,ContaReceber,
Broken Hierarchy,Identified,OpenPOS.Core,OpenPOS.Data.Financeiro.Lancamento,ContaPagar,
Multipath Hierarchy,Identified,OpenPOS.Core,OpenPOS.Data.Regra.AnaliseCredito,Regra,
Broken Hierarchy,Identified,OpenPOS.Core,OpenPOS.Data.Regra.AnaliseCredito,Regra,
Multipath Hierarchy,Identified,OpenPOS.Core,OpenPOS.Data.Regra.AnaliseCredito,RegraFiltro,
Broken Hierarchy,Identified,OpenPOS.Core,OpenPOS.Data.Regra.AnaliseCredito,RegraFiltro,
Multipath Hierarchy,Identified,OpenPOS.Core,OpenPOS.Data.Regra.AnaliseCredito,RegraUsuarioResp,
Broken Hierarchy,Identified,OpenPOS.Core,OpenPOS.Data.Regra.AnaliseCredito,RegraUsuarioResp,
Multipath Hierarchy,Identified,OpenPOS.Core,OpenPOS.Data.Regra.Desconto,DescontoRegraUsuarioResp,
Broken Hierarchy,Identified,OpenPOS.Core,OpenPOS.Data.Regra.Desconto,DescontoRegraUsuarioResp,
Multipath Hierarchy,Identified,OpenPOS.Core,OpenPOS.Data.Regra.Desconto,DescontoRegra,
Multipath Hierarchy,Identified,OpenPOS.Core,OpenPOS.Data.Regra.Desconto,DescontoRegraFiltro,
Broken Hierarchy,Identified,OpenPOS.Core,OpenPOS.Data.Regra.Desconto,DescontoRegraFiltro,
Broken Hierarchy,Identified,OpenPOS.Core,OpenPOS.Data.Reports,Grupo,
Broken Hierarchy,Identified,OpenPOS.Core,OpenPOS.Data.Reports,Relatorio,
Multipath Hierarchy,Identified,OpenPOS.Core,OpenPOS.Data.Reports,Filtro,
Broken Hierarchy,Identified,OpenPOS.Core,OpenPOS.Data.Reports,Filtro,
Multipath Hierarchy,Identified,OpenPOS.Core,OpenPOS.Data.Sistema.Log,LogIBPT,
Broken Hierarchy,Identified,OpenPOS.Core,OpenPOS.Data.Sistema.Log,LogIBPT,
Multipath Hierarchy,Identified,OpenPOS.Core,OpenPOS.Data.Sistema.Log,LogNFe,
Broken Hierarchy,Identified,OpenPOS.Core,OpenPOS.Data.Sistema.Log,LogNFe,
Multipath Hierarchy,Identified,OpenPOS.Core,OpenPOS.Data.Sistema.Log,Log,
Broken Hierarchy,Identified,OpenPOS.Core,OpenPOS.Data.Sistema.Log,Log,
Broken Hierarchy,Identified,OpenPOS.Core,OpenPOS.Data.Faturamento.Lancamento.Cancelamento.Item,Item,
Broken Hierarchy,Identified,OpenPOS.Core,OpenPOS.Data.Faturamento.Lancamento.Movimento.Baixa,Baixa,
Broken Hierarchy,Identified,OpenPOS.Core,OpenPOS.Data.Faturamento.Lancamento.Movimento.Baixa.FormaBaixa,BaixaForma,
Broken Hierarchy,Identified,OpenPOS.Core,OpenPOS.Data.Faturamento.Lancamento.Movimento.Item.NFManual,Item,
Broken Hierarchy,Identified,OpenPOS.Core,OpenPOS.Data.Faturamento.Lancamento.Movimento.NFManual,NFManual,
Multipath Hierarchy,Identified,OpenPOS.Core,OpenPOS.Data.Faturamento.Lancamento.Movimento.DAV,DAV,
Broken Hierarchy,Identified,OpenPOS.Core,OpenPOS.Data.Faturamento.Lancamento.Movimento.DAV,DAV,
Multipath Hierarchy,Identified,OpenPOS.Core,OpenPOS.Data.Faturamento.Lancamento.Movimento.DAV.OS,DAV,
Broken Hierarchy,Identified,OpenPOS.Core,OpenPOS.Data.Faturamento.Lancamento.Movimento.DAV.OS,DAV,
Broken Hierarchy,Identified,OpenPOS.Core,OpenPOS.Data.Faturamento.Lancamento.Movimento.Item.NFe,Item,
Broken Hierarchy,Identified,OpenPOS.Core,OpenPOS.Data.Faturamento.Lancamento.Movimento.NFe,NFe,
Multipath Hierarchy,Identified,OpenPOS.Core,OpenPOS.Data.Faturamento.Lancamento.Movimento.Item.VendaCF,Item,
Broken Hierarchy,Identified,OpenPOS.Core,OpenPOS.Data.Faturamento.Lancamento.Movimento.Item.VendaCF,Item,
Multipath Hierarchy,Identified,OpenPOS.Core,OpenPOS.Data.Faturamento.Lancamento.Movimento.Item.DAV,Item,
Broken Hierarchy,Identified,OpenPOS.Core,OpenPOS.Data.Faturamento.Lancamento.Movimento.Item.DAV,Item,
Broken Hierarchy,Identified,OpenPOS.Core,OpenPOS.Data.Faturamento.Lancamento.Movimento.Item.DAV.OS,Item,
Multipath Hierarchy,Identified,OpenPOS.Core,OpenPOS.Data.Faturamento.Lancamento.Movimento.VendaCF,VendaCF,
Broken Hierarchy,Identified,OpenPOS.Core,OpenPOS.Data.Faturamento.Lancamento.Movimento.VendaCF,VendaCF,
Unfactored Hierarchy,Identified,OpenPOS.Core,OpenPOS.Shared.Regra.Tributo,RegraBaseCalculoFilter,
Duplicate Abstraction,Identified,OpenPOS.Desktop.ComponentModel,OpenPOS.Desktop.ComponentModel,RichTextBox,
Unnecessary Abstraction,Identified,OpenPOS.Desktop.ComponentModel,OpenPOS.Desktop.ComponentModel,AbreCupomArgs,
Unnecessary Abstraction,Identified,OpenPOS.Desktop.ComponentModel,OpenPOS.Desktop.ComponentModel,VendeItemArgs,
Unnecessary Abstraction,Identified,OpenPOS.Desktop.ComponentModel,OpenPOS.Desktop.ComponentModel,CancelaItemArgs,
Unnecessary Abstraction,Identified,OpenPOS.Desktop.ComponentModel,OpenPOS.Desktop.ComponentModel,BufferItem,
Imperative Abstraction,Identified,OpenPOS.Desktop.ComponentModel,OpenPOS.Desktop.ComponentModel,CalculoTextBox,
Unutilized Abstraction,Identified,OpenPOS.Desktop.ComponentModel,OpenPOS.Desktop.ComponentModel,ConfiguracaoECF,
Imperative Abstraction,Identified,OpenPOS.Desktop.ComponentModel,OpenPOS.Desktop.ComponentModel,FiltroPrecoRegra,
Unnecessary Abstraction,Identified,OpenPOS.Desktop.ComponentModel,OpenPOS.Desktop.ComponentModel,DeactivateEventArgs,
Duplicate Abstraction,Identified,OpenPOS.Desktop.ComponentModel,OpenPOS.Desktop.ComponentModel,SearchFieldCustomer,
Imperative Abstraction,Identified,OpenPOS.Desktop.ComponentModel,OpenPOS.Desktop.ComponentModel,CSTCSOSNRegra,
Unnecessary Abstraction,Identified,OpenPOS.Desktop.ComponentModel,OpenPOS.Desktop.ComponentModel,AddClickArgs,
Imperative Abstraction,Identified,OpenPOS.Desktop.ComponentModel,OpenPOS.Desktop.ComponentModel,TributoRegra,
Duplicate Abstraction,Identified,OpenPOS.Desktop.ComponentModel,OpenPOS.Desktop.ComponentModel,TributoRegra,
Unutilized Abstraction,Identified,OpenPOS.Desktop.ComponentModel,OpenPOS.Desktop.ComponentModel,GridPanelFilterType,
Duplicate Abstraction,Identified,OpenPOS.Desktop.ComponentModel,OpenPOS.Desktop.ComponentModel,frmItensEspeciaisDialog,
Unutilized Abstraction,Identified,OpenPOS.Desktop.ComponentModel,OpenPOS.Desktop.ComponentModel,PropertyEdit,
Unnecessary Abstraction,Identified,OpenPOS.Desktop.ComponentModel,OpenPOS.Desktop.ComponentModel,IMainForm,
Imperative Abstraction,Identified,OpenPOS.Desktop.ComponentModel,OpenPOS.Desktop.ComponentModel,FormaPagamento,
Unnecessary Abstraction,Identified,OpenPOS.Desktop.ComponentModel,OpenPOS.Desktop.ComponentModel,PopupOpenEventArgs,
Imperative Abstraction,Identified,OpenPOS.Desktop.ComponentModel,OpenPOS.Desktop.ComponentModel,Toolbar,
Unnecessary Abstraction,Identified,OpenPOS.Desktop.ComponentModel,OpenPOS.Desktop.ComponentModel,FiltroValues,
Imperative Abstraction,Identified,OpenPOS.Desktop.ComponentModel,OpenPOS.Desktop.ComponentModel,DescontoRegra,
Imperative Abstraction,Identified,OpenPOS.Desktop.ComponentModel,OpenPOS.Desktop.ComponentModel.Forms.CadastroRapido.Endereco,Cidade,
Imperative Abstraction,Identified,OpenPOS.Desktop.ComponentModel,OpenPOS.Desktop.ComponentModel.Forms.CadastroRapido.Endereco,CidadeMunicipioBase,
Imperative Abstraction,Identified,OpenPOS.Desktop.ComponentModel,OpenPOS.Desktop.ComponentModel.Forms.CadastroRapido.Endereco,Municipio,
Imperative Abstraction,Identified,OpenPOS.Desktop.ComponentModel,OpenPOS.Desktop.ComponentModel.Forms,FormMesclarCarregarDAV,
Duplicate Abstraction,Identified,OpenPOS.Desktop.ComponentModel,OpenPOS.Desktop.ComponentModel.Forms,FormMesclarCarregarDAV,
Unutilized Abstraction,Identified,OpenPOS.Desktop.ComponentModel,OpenPOS,SelecionaPeriodo,
Deficient Encapsulation,Identified,OpenPOS.Desktop.ComponentModel,OpenPOS.Desktop.ComponentModel,SelectFiltroRegraComboBox,
Deficient Encapsulation,Identified,OpenPOS.Desktop.ComponentModel,OpenPOS.Desktop.ComponentModel,CSTCSOSNRegra,
Deficient Encapsulation,Identified,OpenPOS.Desktop.ComponentModel,OpenPOS.Desktop.ComponentModel,Parcela,
Deficient Encapsulation,Identified,OpenPOS.Desktop.ComponentModel,OpenPOS.Desktop.ComponentModel,SelectFiltroRegra,
Deficient Encapsulation,Identified,OpenPOS.Desktop.ComponentModel,OpenPOS.Desktop.ComponentModel,OptionBarOutros,
Deficient Encapsulation,Identified,OpenPOS.Desktop.ComponentModel,OpenPOS.Desktop.ComponentModel,Login,
Deficient Encapsulation,Identified,OpenPOS.Desktop.ComponentModel,OpenPOS.Desktop.ComponentModel,OptionBarDAV,
Deficient Encapsulation,Identified,OpenPOS.Desktop.ComponentModel,OpenPOS.Desktop.ComponentModel,FormaPagamentoValue,
Deficient Encapsulation,Identified,OpenPOS.Desktop.ComponentModel,OpenPOS.Desktop.ComponentModel,MainForm<T>,
Deficient Encapsulation,Identified,OpenPOS.Desktop.ComponentModel,OpenPOS.Desktop.ComponentModel,OptionBarCaixa,
Deficient Encapsulation,Identified,OpenPOS.Desktop.ComponentModel,OpenPOS.Desktop.ComponentModel,OptionBarVenda,
Deficient Encapsulation,Identified,OpenPOS.Desktop.ComponentModel,OpenPOS.Desktop,SearchWindowForm,
Broken Hierarchy,Identified,OpenPOS.Desktop.ComponentModel,OpenPOS.Desktop.ComponentModel,SearchFieldCustomer,
Broken Hierarchy,Identified,OpenPOS.Desktop.ComponentModel,OpenPOS.Desktop.ComponentModel,SearchFieldProduct,
Wide Hierarchy,Identified,OpenPOS.Desktop.ComponentModel,OpenPOS.Desktop.ComponentModel,FormBase,
Unfactored Hierarchy,Identified,OpenPOS.Desktop.ComponentModel,OpenPOS.Desktop.ComponentModel.Cadastro.Pessoa,PessoaFisica,
Broken Hierarchy,Identified,OpenPOS.Desktop.ComponentModel,OpenPOS.Desktop.ComponentModel.Faturamento.Lancamento.Movimento.ContaClienteMesa,SelecionarMesaCliente,
Unutilized Abstraction,Identified,OpenPOS.Desktop,OpenPOS.Desktop.ComponentModel.Cadastro.Item,_ProdutoBaseDesign,
Duplicate Abstraction,Identified,OpenPOS.Desktop,OpenPOS.Desktop.ComponentModel.Cadastro.Item,_ProdutoBaseDesign,
Unnecessary Abstraction,Identified,OpenPOS.Desktop,OpenPOS.Desktop.ComponentModel.Cadastro.Item,_ProdutoBaseHack,
Unutilized Abstraction,Identified,OpenPOS.Desktop,OpenPOS.Desktop.ComponentModel.Cadastro.Item,_ProdutoBaseHack,
Unutilized Abstraction,Identified,OpenPOS.Desktop,OpenPOS.Desktop.ComponentModel.Cadastro.Item,ProdutoBase<T>,
Unutilized Abstraction,Identified,OpenPOS.Desktop,OpenPOS.Desktop.ComponentModel.Cadastro.Item,_ItemBaseDesign,
Unnecessary Abstraction,Identified,OpenPOS.Desktop,OpenPOS.Desktop.ComponentModel.Cadastro.Item,_ItemBaseHack,
Unutilized Abstraction,Identified,OpenPOS.Desktop,OpenPOS.Desktop.ComponentModel.Cadastro.Item,_ItemBaseHack,
Unutilized Abstraction,Identified,OpenPOS.Desktop,OpenPOS.Desktop.ComponentModel.Cadastro.Item,ItemBase<T>,
Unutilized Abstraction,Identified,OpenPOS.Desktop,OpenPOS.Desktop.ComponentModel.Cadastro.Pessoa,PessoaBase<T>,
Unnecessary Abstraction,Identified,OpenPOS.Desktop,OpenPOS.Desktop.ComponentModel.Forms.Faturamento.Lancamento.Movimento,_MovimentoBaseHack,
Duplicate Abstraction,Identified,OpenPOS.Desktop,OpenPOS.Desktop.ComponentModel,frmDescontoRegra,
Duplicate Abstraction,Identified,OpenPOS.Desktop,OpenPOS.Desktop.ComponentModel,frmDescontoRegra,
Unnecessary Abstraction,Identified,OpenPOS.Desktop,OpenPOS.Desktop.ComponentModel,_DescontoRegraHack,
Duplicate Abstraction,Identified,OpenPOS.Desktop,OpenPOS.Desktop.ComponentModel,frmCSTCSOSNRegra,
Unnecessary Abstraction,Identified,OpenPOS.Desktop,OpenPOS.Desktop.ComponentModel,_CSTCSOSNRegraHack,
Unnecessary Abstraction,Identified,OpenPOS.Desktop,OpenPOS.Desktop.ComponentModel,_TributoRegraHack,
Duplicate Abstraction,Identified,OpenPOS.Desktop,OpenPOS.Desktop.Forms.Cadastro,frmContaClienteMesa,
Unnecessary Abstraction,Identified,OpenPOS.Desktop,OpenPOS.Desktop.Forms.Cadastro,_frmContaClienteMesaHack,
Unnecessary Abstraction,Identified,OpenPOS.Desktop,OpenPOS.Desktop.Forms.Cadastro,_frmEndereco_Hack,
Unnecessary Abstraction,Identified,OpenPOS.Desktop,OpenPOS.Desktop.Forms.Cadastro,_frmNivelAcessoHack,
Unnecessary Abstraction,Identified,OpenPOS.Desktop,OpenPOS.Desktop.Forms.Cadastro,_frmBancoHack,
Unnecessary Abstraction,Identified,OpenPOS.Desktop,OpenPOS.Desktop.Forms.Cadastro,_frmCFOPHack,
Unnecessary Abstraction,Identified,OpenPOS.Desktop,OpenPOS.Desktop.Forms.Cadastro,_frmRamoAtividadeHack,
Unnecessary Abstraction,Identified,OpenPOS.Desktop,OpenPOS.Desktop.Forms.Cadastro,_frmRegiaoHack,
Unnecessary Abstraction,Identified,OpenPOS.Desktop,OpenPOS.Desktop.Forms.Cadastro,_frmTabelaPrecoHack,
Unnecessary Abstraction,Identified,OpenPOS.Desktop,OpenPOS.Desktop.Forms.Cadastro,_frmfrmFormaPagtoHack,
Unnecessary Abstraction,Identified,OpenPOS.Desktop,OpenPOS.Desktop.Forms.Cadastro,_frmUnidadeHack,
Unnecessary Abstraction,Identified,OpenPOS.Desktop,OpenPOS.Desktop.Forms.Cadastro,_frmVeiculoHack,
Unnecessary Abstraction,Identified,OpenPOS.Desktop,OpenPOS.Desktop.Forms.Cadastro.Item,_frmGrupoItemHack,
Unnecessary Abstraction,Identified,OpenPOS.Desktop,OpenPOS.Desktop.Forms.Cadastro.Item,_frmKitHack,
Unnecessary Abstraction,Identified,OpenPOS.Desktop,OpenPOS.Desktop.Forms.Cadastro.Item,_frmItemServHack,
Unnecessary Abstraction,Identified,OpenPOS.Desktop,OpenPOS.Desktop.Forms.Cadastro.Item,_frmItemProdAcabadoHack,
Unnecessary Abstraction,Identified,OpenPOS.Desktop,OpenPOS.Desktop.Forms.Cadastro.Item,_frmNCMHack,
Unnecessary Abstraction,Identified,OpenPOS.Desktop,OpenPOS.Desktop.Forms.Cadastro.PercentualSimples,_frmPercentualSimplesHack,
Imperative Abstraction,Identified,OpenPOS.Desktop,OpenPOS.Desktop.Forms.Cadastro.Pessoa,frmCliente,
Unnecessary Abstraction,Identified,OpenPOS.Desktop,OpenPOS.Desktop.Forms.Cadastro.Pessoa,_frmClienteHack,
Unnecessary Abstraction,Identified,OpenPOS.Desktop,OpenPOS.Desktop.Forms.Cadastro.Pessoa,_frmContadorHack,
Unnecessary Abstraction,Identified,OpenPOS.Desktop,OpenPOS.Desktop.Forms.Cadastro.Pessoa,_frmEmpresaHack,
Unnecessary Abstraction,Identified,OpenPOS.Desktop,OpenPOS.Desktop.Forms.Cadastro.Pessoa,_frmFabricante,
Unnecessary Abstraction,Identified,OpenPOS.Desktop,OpenPOS.Desktop.Forms.Cadastro.Pessoa,_frmFornecedorHack,
Unnecessary Abstraction,Identified,OpenPOS.Desktop,OpenPOS.Desktop.Forms.Cadastro.Pessoa,_frmTransportadorHack,
Unnecessary Abstraction,Identified,OpenPOS.Desktop,OpenPOS.Desktop.Forms.Cadastro.Pessoa,_frmUsuarioHack,
Unnecessary Abstraction,Identified,OpenPOS.Desktop,OpenPOS.Desktop.Forms.Cadastro.Pessoa,_frmVendedorHack,
Unnecessary Abstraction,Identified,OpenPOS.Desktop,OpenPOS.Desktop.Forms.Cadastro.Regra,_frmAnaliseCreditoRegraHack,
Duplicate Abstraction,Identified,OpenPOS.Desktop,OpenPOS.Desktop.Forms.Cadastro.Regra,frmCFOPRegra,
Unnecessary Abstraction,Identified,OpenPOS.Desktop,OpenPOS.Desktop.Forms.Cadastro.Regra,_frmCFOPRegraHack,
Unnecessary Abstraction,Identified,OpenPOS.Desktop,OpenPOS.Desktop.Forms.Cadastro.Regra,frmRegraPrecoHack,
Unnecessary Abstraction,Identified,OpenPOS.Desktop,OpenPOS.Desktop.Forms.Cadastro.Regra,_frmTextoPadraoRegra,
Unnecessary Abstraction,Identified,OpenPOS.Desktop,OpenPOS.Desktop.Forms.Cadastro.TextoPadrao,_frmTextoPadraoHack,
Unnecessary Abstraction,Identified,OpenPOS.Desktop,OpenPOS.Desktop.Forms.Cadastro.Tributo,_frmBaseCalculoRegraHack,
Unnecessary Abstraction,Identified,OpenPOS.Desktop,OpenPOS.Desktop.Forms.Cadastro.Tributo,_frmCadastroSTProtocoloHack,
Unnecessary Abstraction,Identified,OpenPOS.Desktop,OpenPOS.Desktop.Forms.Cadastro.Tributo,_frmCadastroTributoHack,
Unnecessary Abstraction,Identified,OpenPOS.Desktop,OpenPOS.Desktop.Forms.ECF,_frmImpressoraHack,
Unnecessary Abstraction,Identified,OpenPOS.Desktop,OpenPOS.Desktop.Forms.Faturamento.Cadastro,_frmInutilizacao,
Unnecessary Abstraction,Identified,OpenPOS.Desktop,OpenPOS.Desktop.Forms.Faturamento.Cadastro,_frmSerie,
Unnecessary Abstraction,Identified,OpenPOS.Desktop,OpenPOS.Desktop.Forms.Faturamento.Cadastro,_frmContingenciaMovimentoHack,
Duplicate Abstraction,Identified,OpenPOS.Desktop,OpenPOS.Desktop.Forms.Faturamento.Lancamento.Movimento.ContaClienteMesa,frmAcoesContaClienteMesa,
Imperative Abstraction,Identified,OpenPOS.Desktop,OpenPOS.Desktop.Forms.Faturamento.Lancamento.Movimento,frmPreVenda,
Unnecessary Abstraction,Identified,OpenPOS.Desktop,OpenPOS.Desktop.Forms.Financeiro.Cadastro,_frmCondPgtoHack,
Unnecessary Abstraction,Identified,OpenPOS.Desktop,OpenPOS.Desktop.Forms.Financeiro.Cadastro,_frmContaCorrenteHack,
Unnecessary Abstraction,Identified,OpenPOS.Desktop,OpenPOS.Desktop.Forms.FrenteCaixa.Cadastro,_frmPDVHack,
Imperative Abstraction,Identified,OpenPOS.Desktop,OpenPOS.Desktop.Forms.FrenteCaixa.Lancamento,FechamentoCaixa,
Imperative Abstraction,Identified,OpenPOS.Desktop,OpenPOS.Desktop.Forms.FrenteCaixa.Lancamento,frmMovimentacaoCaixa,
Imperative Abstraction,Identified,OpenPOS.Desktop,OpenPOS.Desktop.Forms.FrenteCaixa.Lancamento,frmVendaCF,
Unutilized Abstraction,Identified,OpenPOS.Desktop,OpenPOS.Desktop.Forms.Login,frmLoginContaClienteMesa,
Unnecessary Abstraction,Identified,OpenPOS.Desktop,OpenPOS.Desktop.Properties,Settings,
Deficient Encapsulation,Identified,OpenPOS.Desktop,OpenPOS.Desktop.ComponentModel.Cadastro.Pessoa,PessoaBase<T>,
Deficient Encapsulation,Identified,OpenPOS.Desktop,OpenPOS.Desktop.ComponentModel.Forms.Faturamento.Lancamento.Movimento,MovimentoBase,
Deficient Encapsulation,Identified,OpenPOS.Desktop,OpenPOS.Desktop.ComponentModel.Faturamento.Lancamento.Movimento.NF,NFBase,
Unexploited Encapsulation,Identified,OpenPOS.Desktop,OpenPOS.Desktop.ComponentModel.Faturamento.Lancamento.Movimento.NF,NFBase,
Unexploited Encapsulation,Identified,OpenPOS.Desktop,OpenPOS.Desktop.ComponentModel.Faturamento.Lancamento.Movimento.NF,NFBase,
Deficient Encapsulation,Identified,OpenPOS.Desktop,OpenPOS.Desktop.ComponentModel,frmDescontoRegra,
Deficient Encapsulation,Identified,OpenPOS.Desktop,OpenPOS.Desktop.ComponentModel,frmCSTCSOSNRegra,
Deficient Encapsulation,Identified,OpenPOS.Desktop,OpenPOS.Desktop.ComponentModel,frmTributoRegra,
Deficient Encapsulation,Identified,OpenPOS.Desktop,OpenPOS.Desktop.Forms.Cadastro,frmNivelAcesso,
Deficient Encapsulation,Identified,OpenPOS.Desktop,OpenPOS.Desktop.Forms.Cadastro.Item,frmProdAcabado,
Deficient Encapsulation,Identified,OpenPOS.Desktop,OpenPOS.Desktop.Forms.Faturamento.Lancamento.Movimento,frmPreVenda,
Deficient Encapsulation,Identified,OpenPOS.Desktop,OpenPOS.Desktop.Forms.Faturamento.Lancamento.Movimento,frmDAV,
Deficient Encapsulation,Identified,OpenPOS.Desktop,OpenPOS.Desktop.Forms.FrenteCaixa.Lancamento,FechamentoCaixa,
Deficient Encapsulation,Identified,OpenPOS.Desktop,OpenPOS.Desktop.Forms.FrenteCaixa.Lancamento,frmAberturaCaixa,
Deficient Encapsulation,Identified,OpenPOS.Desktop,OpenPOS.Desktop.Forms.FrenteCaixa.Lancamento,PagamentoEfetuadoEventArgs,
Deficient Encapsulation,Identified,OpenPOS.Desktop,OpenPOS.Desktop.Forms,frmInicial,
Insufficient Modularization,Identified,OpenPOS.Desktop,OpenPOS.Desktop.ComponentModel.Forms.Faturamento.Lancamento.Movimento,MovimentoBase,
Insufficient Modularization,Identified,OpenPOS.Desktop,OpenPOS.Desktop.ComponentModel.Forms.Faturamento.Lancamento.Movimento,MovimentoBase,
Cyclically-dependent Modularization,Identified,OpenPOS.Desktop,OpenPOS.Desktop.ComponentModel.Forms.Faturamento.Lancamento.Movimento,MovimentoBase,
Cyclically-dependent Modularization,Identified,OpenPOS.Desktop,OpenPOS.Desktop.Forms.Cadastro.Pessoa,frmCliente,
Insufficient Modularization,Identified,OpenPOS.Desktop,OpenPOS.Desktop.Forms.Faturamento.Lancamento.Movimento.ContaClienteMesa,frmAcoesContaClienteMesa,
Cyclically-dependent Modularization,Identified,OpenPOS.Desktop,OpenPOS.Desktop.Forms.Faturamento.Lancamento.Movimento,frmPreVenda,
Cyclically-dependent Modularization,Identified,OpenPOS.Desktop,OpenPOS.Desktop.Forms.Faturamento.Lancamento.Movimento,frmDAVOS,
Cyclically-dependent Modularization,Identified,OpenPOS.Desktop,OpenPOS.Desktop.Forms.Faturamento.Lancamento.Movimento,frmDAV,
Insufficient Modularization,Identified,OpenPOS.Desktop,OpenPOS.Desktop.Forms.FrenteCaixa.Lancamento,frmVendaCF,
Insufficient Modularization,Identified,OpenPOS.Desktop,OpenPOS.Desktop.Forms.FrenteCaixa.Lancamento,frmVendaCF,
Cyclically-dependent Modularization,Identified,OpenPOS.Desktop,OpenPOS.Desktop.Forms.FrenteCaixa.Lancamento,frmVendaCF,
Cyclically-dependent Modularization,Identified,OpenPOS.Desktop,OpenPOS.Desktop.Forms.FrenteCaixa.Lancamento,frmVendaCF,
Insufficient Modularization,Identified,OpenPOS.Desktop,OpenPOS.Desktop.Forms,frmInicial,
Insufficient Modularization,Identified,OpenPOS.Desktop,OpenPOS.Desktop.Forms,frmInicial,
Cyclically-dependent Modularization,Identified,OpenPOS.Desktop,OpenPOS.Desktop.Forms,frmInicial,
Cyclically-dependent Modularization,Identified,OpenPOS.Desktop,OpenPOS.Desktop.Forms,frmLoginVendaCF,
Cyclically-dependent Modularization,Identified,OpenPOS.Desktop,OpenPOS.Desktop.Forms,frmLoginVendaCF,
Cyclically-dependent Modularization,Identified,OpenPOS.Desktop,OpenPOS.Desktop.Forms,frmLogin,
Cyclically-dependent Modularization,Identified,OpenPOS.Desktop,OpenPOS.Desktop.Forms,frmLogin,