Project,Namespace,Type,EOM,CC,DIT,Coupling,LOC
OpenPOS.CommonTypes,OpenPOS,CallbackHandler,100,4,1,2,0
OpenPOS.CommonTypes,OpenPOS,EGUID,83,19,1,6,32
OpenPOS.CommonTypes,OpenPOS,EmbeddedAssembly,56,9,1,10,29
OpenPOS.CommonTypes,OpenPOS,Excluido,82,13,1,4,24
OpenPOS.CommonTypes,OpenPOS,frmWait,64,6,7,16,39
OpenPOS.CommonTypes,OpenPOS,GeneralErrorEventArgs,93,5,2,3,7
OpenPOS.CommonTypes,OpenPOS,GUID,82,41,1,7,69
OpenPOS.CommonTypes,OpenPOS,GUIDExtensions,62,6,1,9,8
OpenPOS.CommonTypes,OpenPOS,IEnumerableExtensions,69,8,1,6,10
OpenPOS.CommonTypes,OpenPOS,IGenerateFile,100,1,0,2,0
OpenPOS.CommonTypes,OpenPOS,IGenerateXML,100,1,0,1,0
OpenPOS.CommonTypes,OpenPOS,IListExtensions,69,4,1,10,6
OpenPOS.CommonTypes,OpenPOS,IndicadorProducao,76,29,1,9,45
OpenPOS.CommonTypes,OpenPOS,IndicadorTruncamento,76,29,1,9,45
OpenPOS.CommonTypes,OpenPOS,InformaAliquotaResult,93,4,1,0,6
OpenPOS.CommonTypes,OpenPOS,IResultBase,100,6,0,1,0
OpenPOS.CommonTypes,OpenPOS,List<T>,82,68,1,25,114
OpenPOS.CommonTypes,OpenPOS,List<T>.ListEventArgs,93,5,2,1,7
OpenPOS.CommonTypes,OpenPOS,List<T>.ListHandler,100,4,1,3,0
OpenPOS.CommonTypes,OpenPOS,Registry,81,14,1,3,27
OpenPOS.CommonTypes,OpenPOS,ResultBase,93,9,1,3,10
OpenPOS.CommonTypes,OpenPOS,SelecionaPeriodoResult,93,4,1,1,6
OpenPOS.CommonTypes,OpenPOS,SituacaoTributaria,75,30,1,5,47
OpenPOS.CommonTypes,OpenPOS,TipoCodigoBarraExtensions,72,6,1,3,7
OpenPOS.CommonTypes,OpenPOS,TipoECF,76,30,1,4,40
OpenPOS.CommonTypes,OpenPOS,TipoFormaExtensions,82,5,1,2,2
OpenPOS.CommonTypes,OpenPOS,TSplitSQL,71,44,1,0,85
OpenPOS.CommonTypes,OpenPOS,Utilities,75,10,1,4,21
OpenPOS.CommonTypes,OpenPOS,Wait,100,3,1,0,1
OpenPOS.CommonTypes,OpenPOS,XmlDocumentExtensions,78,3,1,3,7
OpenPOS.CommonTypes,OpenPOS.Arquivo.Registro,IndicadorCancelamento,81,21,1,3,32
OpenPOS.CommonTypes,OpenPOS.Arquivo.Registro,IndicadorEstorno,77,21,1,4,35
OpenPOS.CommonTypes,OpenPOS.Arquivo.Registro,IndicadorOrdem,81,21,1,3,32
OpenPOS.CommonTypes,OpenPOS.Arquivo.Registro,IndicadorTipo,81,21,1,3,32
OpenPOS.CommonTypes,OpenPOS.Arquivo.Registro,SimboloDenominacao,76,24,1,4,38
OpenPOS.CommonTypes,OpenPOS.Arquivo.Registro,Tipo,77,15,1,1,31
OpenPOS.CommonTypes,OpenPOS.Arquivo.Sintegra,ModeloDocumento,77,21,1,4,35
OpenPOS.CommonTypes,OpenPOS.Arquivo.Sintegra,SituacaoNotaFiscal,76,19,1,4,40
OpenPOS.CommonTypes,OpenPOS.Arquivo.Sintegra,Tipo,69,48,1,4,57
OpenPOS.CommonTypes,OpenPOS.Cadastro.Periodo,IPeriodoResult,100,6,0,2,0
OpenPOS.CommonTypes,OpenPOS.CustomTypeConverters,EGUIDTypeConverter,85,3,3,4,4
OpenPOS.CommonTypes,OpenPOS.CustomTypeConverters,ExcluidoTypeConverter,93,2,3,4,3
OpenPOS.CommonTypes,OpenPOS.CustomTypeConverters,GUIDTypeConverter,78,4,3,5,6
OpenPOS.CommonTypes,OpenPOS.CustomTypeConverters,IndicadorProducaoTypeConverter,93,2,3,4,3
OpenPOS.CommonTypes,OpenPOS.CustomTypeConverters,IndicadorTruncamentoTypeConverter,93,2,3,4,3
OpenPOS.CommonTypes,OpenPOS.CustomTypeConverters,SituacaoTributariaTypeConverter,93,2,3,4,3
OpenPOS.CommonTypes,OpenPOS.CustomTypeConverters,TipoECFTypeConverter,93,2,3,4,3
OpenPOS.CommonTypes,OpenPOS.CustomTypeConverters,TypeConverterBase,93,5,2,4,6
OpenPOS.CommonTypes,OpenPOS.Desktop.ComponentModel,IOpenPOSComponent,100,0,0,2,0
OpenPOS.CommonTypes,OpenPOS.Desktop.ComponentModel,IValidate,100,2,0,0,0
OpenPOS.CommonTypes,OpenPOS.Enuns,PasswordStrength,100,0,1,1,0
OpenPOS.CommonTypes,OpenPOS.Enuns,TipoEvento,100,0,1,1,0
OpenPOS.CommonTypes,OpenPOS.Exceptions,ExceptionBase,86,3,2,1,5
OpenPOS.CommonTypes,OpenPOS.Exceptions,RegraExceptionBase,86,3,2,1,5
OpenPOS.CommonTypes,OpenPOS.Exceptions,PassaporteNaoInformado,97,2,3,1,3
OpenPOS.CommonTypes,OpenPOS.Exceptions,CPFInvalido,97,2,3,1,3
OpenPOS.CommonTypes,OpenPOS.Exceptions,CNPJInvalido,97,2,3,1,3
OpenPOS.CommonTypes,OpenPOS.Exceptions,TelefoneInvalido,97,2,3,1,3
OpenPOS.CommonTypes,OpenPOS.Exceptions,EMailInvalido,97,2,3,1,3
OpenPOS.CommonTypes,OpenPOS.Exceptions,CEPInvalido,97,2,3,1,3
OpenPOS.CommonTypes,OpenPOS.Exceptions,ReadOnlyRecord,97,2,3,1,3
OpenPOS.CommonTypes,OpenPOS.Exceptions,DeleteRecordNotAllowed,92,3,3,2,5
OpenPOS.CommonTypes,OpenPOS.Exceptions,DeletePessoaNotAllowed,92,4,3,1,6
OpenPOS.CommonTypes,OpenPOS.Exceptions,DeleteItemNotAllowed,92,4,3,1,6
OpenPOS.CommonTypes,OpenPOS.Exceptions,FileInUse,92,6,3,1,7
OpenPOS.CommonTypes,OpenPOS.Exceptions,UniNFeNaoEstaExecutando,97,2,3,1,3
OpenPOS.CommonTypes,OpenPOS.Faturamento.Lancamento.Cancelamento,DadosCancelamento,94,4,1,2,4
OpenPOS.CommonTypes,OpenPOS.Faturamento.Lancamento.Movimento,Totalizador,93,8,1,0,8
OpenPOS.CommonTypes,OpenPOS.Interfaces.Faturamento.Lancamento.Cancelamento,ICancelar,100,2,0,1,0
OpenPOS.CommonTypes,OpenPOS.Interfaces.Faturamento.Lancamento.Cancelamento,IDadosCancelamento,100,4,0,1,0
OpenPOS.CommonTypes,OpenPOS.NFe,IGenerateNFe,100,2,0,2,0
OpenPOS.CommonTypes,OpenPOS.NFe,InutilizacaoResult,81,15,2,10,22
OpenPOS.CommonTypes,OpenPOS.NFe,Status,47,182,1,6,314
OpenPOS.CommonTypes,OpenPOS.NFe.CustomTypeConverters,StatusTypeConverter,92,4,2,5,7
OpenPOS.CommonTypes,OpenPOS.UniBot,Formato,82,22,1,1,32
OpenPOS.CommonTypes,OpenPOS.UniBot,NomeArquivo,81,21,1,3,35
OpenPOS.CommonTypes,System.Diagnostics,ProcessExtensions,82,4,1,5,8
OpenPOS.CommonTypes,System.Diagnostics,ProcessExtensions.ProcessAccessFlags,100,0,1,1,0
OpenPOS.Core,OpenPOS,BaseModelExtensions,72,7,1,6,16
OpenPOS.Core,OpenPOS,ComparisonValues,100,0,1,1,0
OpenPOS.Core,OpenPOS,ConnectionExtensions,64,14,1,11,25
OpenPOS.Core,OpenPOS,DadoPessoaExtensions,61,10,1,6,18
OpenPOS.Core,OpenPOS,DbContext,60,77,1,58,224
OpenPOS.Core,OpenPOS,EGUIDExtensions,50,14,1,22,40
OpenPOS.Core,OpenPOS,FormatoExtensions,56,4,1,6,14
OpenPOS.Core,OpenPOS,Setting,75,29,2,26,52
OpenPOS.Core,OpenPOS,Settings,76,114,1,70,142
OpenPOS.Core,OpenPOS,Settings._BOTSettings,82,13,1,12,7
OpenPOS.Core,OpenPOS,Settings._ECFSettings,54,54,1,48,115
OpenPOS.Core,OpenPOS,Settings._EmpresaSettings,94,2,1,4,2
OpenPOS.Core,OpenPOS,Settings._NFeSettings,71,75,1,43,78
OpenPOS.Core,OpenPOS,Settings._PDVSettings,85,16,1,21,15
OpenPOS.Core,OpenPOS,Settings._ServerSettings,76,11,1,15,6
OpenPOS.Core,OpenPOS,Settings._SoftwareHouseSettings,83,25,1,17,9
OpenPOS.Core,OpenPOS,TipoArquivoExtensions,46,44,1,46,61
OpenPOS.Core,OpenPOS,UsuarioExtensions,68,3,1,8,6
OpenPOS.Core,OpenPOS.Compiler,Code,88,20,1,5,35
OpenPOS.Core,OpenPOS.Compiler,Code.Builder,74,5,1,1,21
OpenPOS.Core,OpenPOS.Compiler,Compiler,55,12,1,17,46
OpenPOS.Core,OpenPOS.Core,Utilities,68,2,1,3,8
OpenPOS.Core,OpenPOS.Cryptography,AESCryptography,69,15,1,12,37
OpenPOS.Core,OpenPOS.Cryptography.Files,MD5,74,3,1,7,8
OpenPOS.Core,OpenPOS.Cryptography.Files,MD5PAFFile,81,16,1,17,19
OpenPOS.Core,OpenPOS.Cryptography.Salt,MD5,72,8,1,5,14
OpenPOS.Core,OpenPOS.Data.Abstract,Base,79,51,5,45,85
OpenPOS.Core,OpenPOS.Data.Abstract,Base.FindPos,76,17,1,1,23
OpenPOS.Core,OpenPOS.Data.Abstract,ChildModelBase<T>,95,6,6,15,5
OpenPOS.Core,OpenPOS.Data.Abstract,ParentBase,83,28,6,23,47
OpenPOS.Core,OpenPOS.Data.Abstract,ParentBase<T>,94,5,7,16,5
OpenPOS.Core,OpenPOS.Data.Abstract,RecordHashBase,78,9,7,21,14
OpenPOS.Core,OpenPOS.Data.Abstract.Cadastro,CFOPBase,81,14,7,26,28
OpenPOS.Core,OpenPOS.Data.Abstract.Cadastro,CSTCSOSNBase,75,15,7,39,34
OpenPOS.Core,OpenPOS.Data.Abstract.Cadastro,NCMBase,80,38,7,47,75
OpenPOS.Core,OpenPOS.Data.Abstract.Cadastro,RegiaoBase,92,5,7,18,7
OpenPOS.Core,OpenPOS.Data.Abstract.Cadastro.Endereco,EnderecoBase,80,30,7,50,70
OpenPOS.Core,OpenPOS.Data.Abstract.Cadastro.Financeiro.CondicaoPagamento,CondicaoPagamentoBase,69,68,7,60,106
OpenPOS.Core,OpenPOS.Data.Abstract.Cadastro.Financeiro.CondicaoPagamento,ParcelaBase,90,15,7,24,20
OpenPOS.Core,OpenPOS.Data.Abstract.Cadastro.Financeiro.ContaCorrente,ContaCorrenteBase,91,9,7,19,13
OpenPOS.Core,OpenPOS.Data.Abstract.Cadastro.Item,EspecialBase,77,17,7,35,30
OpenPOS.Core,OpenPOS.Data.Abstract.Cadastro.Item,ItemBase,66,62,8,75,178
OpenPOS.Core,OpenPOS.Data.Abstract.Cadastro.Item.Produto,AcabadoBase,74,26,10,60,47
OpenPOS.Core,OpenPOS.Data.Abstract.Cadastro.Item.Produto,KitBase,81,10,10,38,16
OpenPOS.Core,OpenPOS.Data.Abstract.Cadastro.Item.Produto,KitItemBase,90,9,7,26,13
OpenPOS.Core,OpenPOS.Data.Abstract.Cadastro.Item.Produto,ProdutoBase,71,40,9,67,72
OpenPOS.Core,OpenPOS.Data.Abstract.Cadastro.Item.Servico,ServicoBase,90,5,9,11,8
OpenPOS.Core,OpenPOS.Data.Abstract.Cadastro.Periodo,AnualBase,89,19,7,30,31
OpenPOS.Core,OpenPOS.Data.Abstract.Cadastro.Periodo,PeriodoBase,71,42,7,46,70
OpenPOS.Core,OpenPOS.Data.Abstract.Cadastro.Periodo,SemanalBase,89,17,7,29,28
OpenPOS.Core,OpenPOS.Data.Abstract.Cadastro.Pessoa,EnderecoBase,74,64,7,44,86
OpenPOS.Core,OpenPOS.Data.Abstract.Cadastro.Pessoa,PessoaBase,62,209,8,117,336
OpenPOS.Core,OpenPOS.Data.Abstract.Cadastro.Pessoa,TransportadorBase,81,20,9,45,34
OpenPOS.Core,OpenPOS.Data.Abstract.Cadastro.Pessoa,UsuarioBase,69,69,9,77,119
OpenPOS.Core,OpenPOS.Data.Abstract.Cadastro.TabelaPreco,ItemBase,71,20,7,45,55
OpenPOS.Core,OpenPOS.Data.Abstract.Cadastro.TabelaPreco,TabelaPrecoBase,71,41,7,59,88
OpenPOS.Core,OpenPOS.Data.Abstract.Cadastro.Veiculo,VeiculoBase,80,15,7,36,35
OpenPOS.Core,OpenPOS.Data.Abstract.Configuracao,ConfiguracaoBase,80,13,7,30,29
OpenPOS.Core,OpenPOS.Data.Abstract.Configuracao,ConfiguracaoEGUIDBase,89,21,7,27,38
OpenPOS.Core,OpenPOS.Data.Abstract.Configuracao,ECFRodapeBase,89,30,7,9,40
OpenPOS.Core,OpenPOS.Data.Abstract.Customizacao,FormBase,89,12,7,28,19
OpenPOS.Core,OpenPOS.Data.Abstract.Customizacao,FormControlBase,92,7,7,21,10
OpenPOS.Core,OpenPOS.Data.Abstract.ECF,AliquotaBase,90,11,7,23,16
OpenPOS.Core,OpenPOS.Data.Abstract.Estoque.Saldo,SaldoBase,91,7,7,14,9
OpenPOS.Core,OpenPOS.Data.Abstract.Estoque.Saldo,SaldoItemBase,91,5,8,19,7
OpenPOS.Core,OpenPOS.Data.Abstract.Faturamento.Cadastro,ContingenciaMovimentoBase,72,21,7,47,50
OpenPOS.Core,OpenPOS.Data.Abstract.Faturamento.Cadastro,InutilizacaoBase,80,25,7,38,51
OpenPOS.Core,OpenPOS.Data.Abstract.Faturamento.Cadastro,SerieBase,74,32,7,38,60
OpenPOS.Core,OpenPOS.Data.Abstract.Faturamento.Lancamento,LancamentoBase,72,47,8,62,120
OpenPOS.Core,OpenPOS.Data.Abstract.Faturamento.Lancamento.Cancelamento,CancelamentoBase,78,26,7,66,49
OpenPOS.Core,OpenPOS.Data.Abstract.Faturamento.Lancamento.Cancelamento.Item,ItemBase,90,9,7,27,13
OpenPOS.Core,OpenPOS.Data.Abstract.Faturamento.Lancamento.Movimento,MovimentoBase,59,716,9,248,957
OpenPOS.Core,OpenPOS.Data.Abstract.Faturamento.Lancamento.Movimento.Baixa,BaixaBase,74,24,8,44,37
OpenPOS.Core,OpenPOS.Data.Abstract.Faturamento.Lancamento.Movimento.Baixa.FormaBaixa,BaixaFormaBase,79,41,8,62,69
OpenPOS.Core,OpenPOS.Data.Abstract.Faturamento.Lancamento.Movimento.Conferencia,ConferenciaBase,72,27,10,54,63
OpenPOS.Core,OpenPOS.Data.Abstract.Faturamento.Lancamento.Movimento.DAV,DAVBase,67,19,10,54,51
OpenPOS.Core,OpenPOS.Data.Abstract.Faturamento.Lancamento.Movimento.DAV.OS,DAVBase,75,28,11,50,49
OpenPOS.Core,OpenPOS.Data.Abstract.Faturamento.Lancamento.Movimento.Item,ItemBase,75,174,7,109,307
OpenPOS.Core,OpenPOS.Data.Abstract.Faturamento.Lancamento.Movimento.Item,ItemBase.OnCalculaTributacaoHandler,100,4,1,3,0
OpenPOS.Core,OpenPOS.Data.Abstract.Faturamento.Lancamento.Movimento.Item,RateioBase,71,30,8,52,68
OpenPOS.Core,OpenPOS.Data.Abstract.Faturamento.Lancamento.Movimento.Item.DAV,ItemBase,94,5,8,28,7
OpenPOS.Core,OpenPOS.Data.Abstract.Faturamento.Lancamento.Movimento.Item.DAV.OS,ItemBase,94,5,9,11,6
OpenPOS.Core,OpenPOS.Data.Abstract.Faturamento.Lancamento.Movimento.Item.NF,ItemBase,95,3,8,26,4
OpenPOS.Core,OpenPOS.Data.Abstract.Faturamento.Lancamento.Movimento.Item.VendaCF,ItemBase,91,9,8,29,14
OpenPOS.Core,OpenPOS.Data.Abstract.Faturamento.Lancamento.Movimento.NF,NFBase,58,221,10,121,536
OpenPOS.Core,OpenPOS.Data.Abstract.Faturamento.Lancamento.Movimento.VendaCF,VendaCFBase,79,51,10,54,84
OpenPOS.Core,OpenPOS.Data.Abstract.Financeiro,AnaliseCreditoBase,79,25,7,40,54
OpenPOS.Core,OpenPOS.Data.Abstract.Financeiro.Lancamento,LancamentoBase,90,15,9,26,22
OpenPOS.Core,OpenPOS.Data.Abstract.Financeiro.Lancamento,PagarReceberBase,76,31,10,44,78
OpenPOS.Core,OpenPOS.Data.Abstract.FrenteCaixa.Conferencia,CaixaBase,72,23,7,45,48
OpenPOS.Core,OpenPOS.Data.Abstract.FrenteCaixa.Conferencia,CaixaFormaPagtoBase,82,13,7,28,23
OpenPOS.Core,OpenPOS.Data.Abstract.FrenteCaixa.Lancamento,AbreFechaCaixaBase,81,21,7,35,38
OpenPOS.Core,OpenPOS.Data.Abstract.FrenteCaixa.Lancamento,LancamentoCaixaBase,80,44,9,50,84
OpenPOS.Core,OpenPOS.Data.Abstract.Regra,RegraBase,57,51,7,48,122
OpenPOS.Core,OpenPOS.Data.Abstract.Regra.AnaliseCredito,RegraBase,71,33,8,50,64
OpenPOS.Core,OpenPOS.Data.Abstract.Regra.AnaliseCredito,RegraFiltroBase,88,6,7,30,9
OpenPOS.Core,OpenPOS.Data.Abstract.Regra.AnaliseCredito,RegraUsuarioRespBase,91,5,7,25,7
OpenPOS.Core,OpenPOS.Data.Abstract.Regra.BaseCalculo,RegraBase,75,24,8,47,56
OpenPOS.Core,OpenPOS.Data.Abstract.Regra.BaseCalculo,RegraFiltroBase,72,26,7,44,60
OpenPOS.Core,OpenPOS.Data.Abstract.Regra.CSTCSOSN,CSTCSOSNRegraBase,71,38,8,53,64
OpenPOS.Core,OpenPOS.Data.Abstract.Regra.Desconto,DescontoRegraBase,71,39,8,54,71
OpenPOS.Core,OpenPOS.Data.Abstract.Regra.Desconto,DescontoRegraFiltroBase,87,44,7,41,51
OpenPOS.Core,OpenPOS.Data.Abstract.Regra.Desconto,DescontoRegraUsuarioRespBase,90,5,7,26,8
OpenPOS.Core,OpenPOS.Data.Abstract.Regra.Preco,PrecoRegraBase,71,22,8,49,48
OpenPOS.Core,OpenPOS.Data.Abstract.Regra.TextoPadrao,TextoPadraoRegraBase,71,20,8,53,54
OpenPOS.Core,OpenPOS.Data.Abstract.Regra.Tributo,CFOPRegraBase,60,78,8,74,138
OpenPOS.Core,OpenPOS.Data.Abstract.Regra.Tributo,TributoRegraBase,71,26,8,49,60
OpenPOS.Core,OpenPOS.Data.Abstract.Reports,FiltroBase,88,29,7,34,42
OpenPOS.Core,OpenPOS.Data.Abstract.Reports,GrupoBase,92,5,7,18,7
OpenPOS.Core,OpenPOS.Data.Abstract.Reports,RelatorioBase,80,21,7,43,43
OpenPOS.Core,OpenPOS.Data.Abstract.Sistema.Log,LogBase,82,19,7,21,36
OpenPOS.Core,OpenPOS.Data.Abstract.Sistema.Log,LogIBPTBase,75,12,8,32,33
OpenPOS.Core,OpenPOS.Data.Abstract.Sistema.Log,LogNFeBase,75,14,8,34,35
OpenPOS.Core,OpenPOS.Data.Cadastro,Banco,92,5,7,18,7
OpenPOS.Core,OpenPOS.Data.Cadastro,CFOP,96,2,8,3,3
OpenPOS.Core,OpenPOS.Data.Cadastro,ContaClienteMesa,74,22,7,49,42
OpenPOS.Core,OpenPOS.Data.Cadastro,CSTCSOSN,94,3,8,4,4
OpenPOS.Core,OpenPOS.Data.Cadastro,FormaPagamento,89,15,8,22,23
OpenPOS.Core,OpenPOS.Data.Cadastro,NCM,95,3,8,3,4
OpenPOS.Core,OpenPOS.Data.Cadastro,NCMEx,91,11,8,27,15
OpenPOS.Core,OpenPOS.Data.Cadastro,NivelAcesso,82,12,7,30,20
OpenPOS.Core,OpenPOS.Data.Cadastro,NivelAcessoRegra,91,7,7,22,10
OpenPOS.Core,OpenPOS.Data.Cadastro,RamoAtividade,90,9,7,21,13
OpenPOS.Core,OpenPOS.Data.Cadastro,Regiao,96,2,8,14,3
OpenPOS.Core,OpenPOS.Data.Cadastro,TipoUsuario,91,7,7,18,10
OpenPOS.Core,OpenPOS.Data.Cadastro,Unidade,89,11,8,23,18
OpenPOS.Core,OpenPOS.Data.Cadastro.Endereco,Bairro,72,14,7,39,37
OpenPOS.Core,OpenPOS.Data.Cadastro.Endereco,Cidade,75,16,7,39,39
OpenPOS.Core,OpenPOS.Data.Cadastro.Endereco,Continente,92,6,7,18,9
OpenPOS.Core,OpenPOS.Data.Cadastro.Endereco,Endereco,95,3,8,4,4
OpenPOS.Core,OpenPOS.Data.Cadastro.Endereco,Estado,80,17,7,39,32
OpenPOS.Core,OpenPOS.Data.Cadastro.Endereco,Municipio,76,18,7,39,41
OpenPOS.Core,OpenPOS.Data.Cadastro.Endereco,Pais,77,16,7,27,36
OpenPOS.Core,OpenPOS.Data.Cadastro.Financeiro,ContaCorrente,96,2,8,3,3
OpenPOS.Core,OpenPOS.Data.Cadastro.Financeiro.CondicaoPagamento,CondicaoPagamento,96,2,8,3,3
OpenPOS.Core,OpenPOS.Data.Cadastro.Financeiro.CondicaoPagamento,Parcela,96,2,8,3,3
OpenPOS.Core,OpenPOS.Data.Cadastro.Item,CodigoBarra,91,8,7,21,11
OpenPOS.Core,OpenPOS.Data.Cadastro.Item,GrupoItem,80,17,7,31,36
OpenPOS.Core,OpenPOS.Data.Cadastro.Item,Servico,96,2,10,16,3
OpenPOS.Core,OpenPOS.Data.Cadastro.Item.Especial,Desconto,95,3,8,16,4
OpenPOS.Core,OpenPOS.Data.Cadastro.Item.Especial,DespesaAcessoria,95,3,8,16,4
OpenPOS.Core,OpenPOS.Data.Cadastro.Item.Especial,EncargoFinanceiro,95,3,8,16,4
OpenPOS.Core,OpenPOS.Data.Cadastro.Item.Especial,Frete,95,3,8,16,4
OpenPOS.Core,OpenPOS.Data.Cadastro.Item.Especial,Seguro,95,3,8,16,4
OpenPOS.Core,OpenPOS.Data.Cadastro.Item.Produto,Acabado,86,2,11,19,4
OpenPOS.Core,OpenPOS.Data.Cadastro.Item.Produto,Kit,96,2,11,17,3
OpenPOS.Core,OpenPOS.Data.Cadastro.Item.Produto,KitItem,96,2,8,16,3
OpenPOS.Core,OpenPOS.Data.Cadastro.Item.Produto,MateriaPrima,91,7,10,26,9
OpenPOS.Core,OpenPOS.Data.Cadastro.Item.Produto.Arvore,ProdutoArvore,89,11,7,26,15
OpenPOS.Core,OpenPOS.Data.Cadastro.PercentualSimples,PercentualSimples,75,20,7,34,40
OpenPOS.Core,OpenPOS.Data.Cadastro.Periodo,Anual,96,2,8,17,3
OpenPOS.Core,OpenPOS.Data.Cadastro.Periodo,Mensal,96,2,8,17,3
OpenPOS.Core,OpenPOS.Data.Cadastro.Periodo,MensalBase,88,22,7,32,33
OpenPOS.Core,OpenPOS.Data.Cadastro.Periodo,Periodo,96,2,8,3,3
OpenPOS.Core,OpenPOS.Data.Cadastro.Periodo,Semanal,96,2,8,17,3
OpenPOS.Core,OpenPOS.Data.Cadastro.Pessoa,CanalComunicacao,90,15,7,23,22
OpenPOS.Core,OpenPOS.Data.Cadastro.Pessoa,Cliente,80,21,9,40,33
OpenPOS.Core,OpenPOS.Data.Cadastro.Pessoa,Contador,90,13,9,30,17
OpenPOS.Core,OpenPOS.Data.Cadastro.Pessoa,ECFAutorizado,92,4,7,20,5
OpenPOS.Core,OpenPOS.Data.Cadastro.Pessoa,Empresa,75,22,9,53,46
OpenPOS.Core,OpenPOS.Data.Cadastro.Pessoa,Endereco,96,2,8,16,3
OpenPOS.Core,OpenPOS.Data.Cadastro.Pessoa,Fabricante,94,6,9,24,7
OpenPOS.Core,OpenPOS.Data.Cadastro.Pessoa,FiscalCaixa,86,5,11,32,4
OpenPOS.Core,OpenPOS.Data.Cadastro.Pessoa,Fornecedor,93,8,9,24,9
OpenPOS.Core,OpenPOS.Data.Cadastro.Pessoa,Ocorrencia,90,11,7,25,16
OpenPOS.Core,OpenPOS.Data.Cadastro.Pessoa,OperadorCaixa,86,5,11,32,4
OpenPOS.Core,OpenPOS.Data.Cadastro.Pessoa,Transportador,96,2,10,3,3
OpenPOS.Core,OpenPOS.Data.Cadastro.Pessoa,TransportadorVeiculo,91,5,7,25,7
OpenPOS.Core,OpenPOS.Data.Cadastro.Pessoa,Usuario,96,2,10,19,3
OpenPOS.Core,OpenPOS.Data.Cadastro.Pessoa,Vendedor,94,6,9,24,7
OpenPOS.Core,OpenPOS.Data.Cadastro.Pessoa.Fisica,Fisica,89,30,7,29,43
OpenPOS.Core,OpenPOS.Data.Cadastro.Pessoa.Juridica,Juridica,90,22,7,30,29
OpenPOS.Core,OpenPOS.Data.Cadastro.TabelaPreco,Item,100,1,8,1,1
OpenPOS.Core,OpenPOS.Data.Cadastro.TabelaPreco,TabelaPreco,96,2,8,3,3
OpenPOS.Core,OpenPOS.Data.Cadastro.TextoPadrao,TextoPadrao,76,11,7,30,26
OpenPOS.Core,OpenPOS.Data.Cadastro.TipoEmpresa,TipoEmpresa,92,5,7,19,7
OpenPOS.Core,OpenPOS.Data.Cadastro.Tributo,AliquotaTributo,75,10,8,39,26
OpenPOS.Core,OpenPOS.Data.Cadastro.Tributo,STProtocolo,80,22,7,33,43
OpenPOS.Core,OpenPOS.Data.Cadastro.Tributo,Tributo,80,17,7,35,24
OpenPOS.Core,OpenPOS.Data.Cadastro.Veiculo,AnoFabricacao,80,15,8,39,35
OpenPOS.Core,OpenPOS.Data.Cadastro.Veiculo,Marca,92,5,7,18,7
OpenPOS.Core,OpenPOS.Data.Cadastro.Veiculo,Modelo,91,9,8,27,13
OpenPOS.Core,OpenPOS.Data.Cadastro.Veiculo,Veiculo,96,2,8,14,3
OpenPOS.Core,OpenPOS.Data.Configuracao,Configuracao,84,4,8,18,8
OpenPOS.Core,OpenPOS.Data.Configuracao,ConfiguracaoEGUID,96,3,8,13,3
OpenPOS.Core,OpenPOS.Data.Configuracao,ConfiguracaoEmpresa,82,6,8,23,16
OpenPOS.Core,OpenPOS.Data.Configuracao,ConfiguracaoPDV,82,7,8,25,18
OpenPOS.Core,OpenPOS.Data.Configuracao,ECFRodape,96,2,8,14,3
OpenPOS.Core,OpenPOS.Data.Customizacao,Form,97,2,8,13,2
OpenPOS.Core,OpenPOS.Data.Customizacao,FormControl,97,2,8,15,2
OpenPOS.Core,OpenPOS.Data.ECF.Cadastro,Aliquota,96,2,8,3,3
OpenPOS.Core,OpenPOS.Data.ECF.Cadastro,Impressora,88,30,8,26,47
OpenPOS.Core,OpenPOS.Data.ECF.Cadastro,ImpressoraFormaPagto,80,14,7,35,32
OpenPOS.Core,OpenPOS.Data.ECF.Cadastro,ImpressoraTotNaoFiscal,80,16,7,35,34
OpenPOS.Core,OpenPOS.Data.Estoque.Saldo,SaldoItem,53,36,1,31,194
OpenPOS.Core,OpenPOS.Data.Estoque.Saldo,SaldoItemAnual,92,5,9,20,7
OpenPOS.Core,OpenPOS.Data.Estoque.Saldo,SaldoItemDiario,92,5,9,21,7
OpenPOS.Core,OpenPOS.Data.Estoque.Saldo,SaldoItemMensal,92,5,9,20,7
OpenPOS.Core,OpenPOS.Data.Faturamento.Cadastro,ContingenciaMovimento,96,2,8,3,3
OpenPOS.Core,OpenPOS.Data.Faturamento.Cadastro,Inutilizacao,96,2,8,14,3
OpenPOS.Core,OpenPOS.Data.Faturamento.Cadastro,Serie,96,2,8,3,3
OpenPOS.Core,OpenPOS.Data.Faturamento.Lancamento,LanSK,76,30,7,36,68
OpenPOS.Core,OpenPOS.Data.Faturamento.Lancamento,LanSKItem,82,16,7,19,32
OpenPOS.Core,OpenPOS.Data.Faturamento.Lancamento.Cancelamento,CancelarItem,68,5,8,16,16
OpenPOS.Core,OpenPOS.Data.Faturamento.Lancamento.Cancelamento,CancelarTotal,66,9,8,17,18
OpenPOS.Core,OpenPOS.Data.Faturamento.Lancamento.Cancelamento.Item,Item,96,2,8,3,3
OpenPOS.Core,OpenPOS.Data.Faturamento.Lancamento.Movimento.Baixa,Baixa,97,2,9,2,2
OpenPOS.Core,OpenPOS.Data.Faturamento.Lancamento.Movimento.Baixa.FormaBaixa,BaixaCheque,89,19,8,34,29
OpenPOS.Core,OpenPOS.Data.Faturamento.Lancamento.Movimento.Baixa.FormaBaixa,BaixaForma,95,3,9,4,4
OpenPOS.Core,OpenPOS.Data.Faturamento.Lancamento.Movimento.Baixa.FormaBaixa.TEF,BaixaTEF,90,28,9,33,42
OpenPOS.Core,OpenPOS.Data.Faturamento.Lancamento.Movimento.Baixa.FormaBaixa.TEF,BaixaTEFCheque,91,9,10,30,14
OpenPOS.Core,OpenPOS.Data.Faturamento.Lancamento.Movimento.CFeSAT,CFeSAT,82,5,11,31,10
OpenPOS.Core,OpenPOS.Data.Faturamento.Lancamento.Movimento.Conferencia,Conferencia,96,2,11,3,3
OpenPOS.Core,OpenPOS.Data.Faturamento.Lancamento.Movimento.ContaClienteMesa,ContaClienteMesa,81,19,10,47,35
OpenPOS.Core,OpenPOS.Data.Faturamento.Lancamento.Movimento.DadoPessoa,DadoPessoa,81,18,7,29,26
OpenPOS.Core,OpenPOS.Data.Faturamento.Lancamento.Movimento.DAV,DAV,96,2,11,20,3
OpenPOS.Core,OpenPOS.Data.Faturamento.Lancamento.Movimento.DAV.OS,DAV,96,2,12,21,3
OpenPOS.Core,OpenPOS.Data.Faturamento.Lancamento.Movimento.Item,CSTCSOSN,92,4,7,24,4
OpenPOS.Core,OpenPOS.Data.Faturamento.Lancamento.Movimento.Item,Especial,90,10,7,25,13
OpenPOS.Core,OpenPOS.Data.Faturamento.Lancamento.Movimento.Item,Rateio,97,2,9,2,2
OpenPOS.Core,OpenPOS.Data.Faturamento.Lancamento.Movimento.Item,Tributo,89,20,7,27,30
OpenPOS.Core,OpenPOS.Data.Faturamento.Lancamento.Movimento.Item.CFeSAT,Item,95,3,8,22,4
OpenPOS.Core,OpenPOS.Data.Faturamento.Lancamento.Movimento.Item.Conferencia,Item,96,2,8,25,3
OpenPOS.Core,OpenPOS.Data.Faturamento.Lancamento.Movimento.Item.ContaClienteMesa,Item,95,3,8,24,4
OpenPOS.Core,OpenPOS.Data.Faturamento.Lancamento.Movimento.Item.DAV,Item,96,2,9,21,3
OpenPOS.Core,OpenPOS.Data.Faturamento.Lancamento.Movimento.Item.DAV.OS,Item,96,2,10,22,3
OpenPOS.Core,OpenPOS.Data.Faturamento.Lancamento.Movimento.Item.NFCe,Item,96,2,9,21,3
OpenPOS.Core,OpenPOS.Data.Faturamento.Lancamento.Movimento.Item.NFe,Item,96,2,9,22,3
OpenPOS.Core,OpenPOS.Data.Faturamento.Lancamento.Movimento.Item.NFManual,Item,96,2,9,22,3
OpenPOS.Core,OpenPOS.Data.Faturamento.Lancamento.Movimento.Item.PreVenda,Item,94,5,8,28,7
OpenPOS.Core,OpenPOS.Data.Faturamento.Lancamento.Movimento.Item.VendaCF,Item,96,2,9,21,3
OpenPOS.Core,OpenPOS.Data.Faturamento.Lancamento.Movimento.NF,Evento,90,19,7,24,32
OpenPOS.Core,OpenPOS.Data.Faturamento.Lancamento.Movimento.NF,InfAdic,90,11,7,23,16
OpenPOS.Core,OpenPOS.Data.Faturamento.Lancamento.Movimento.NFCe,NFCe,74,7,11,43,13
OpenPOS.Core,OpenPOS.Data.Faturamento.Lancamento.Movimento.NFe,NFe,66,8,11,45,25
OpenPOS.Core,OpenPOS.Data.Faturamento.Lancamento.Movimento.NFManual,NFManual,82,3,11,30,6
OpenPOS.Core,OpenPOS.Data.Faturamento.Lancamento.Movimento.Ocorrencia,Ocorrencia,89,21,7,32,36
OpenPOS.Core,OpenPOS.Data.Faturamento.Lancamento.Movimento.PreVenda,PreVenda,66,19,10,53,54
OpenPOS.Core,OpenPOS.Data.Faturamento.Lancamento.Movimento.VendaCF,VendaCF,96,2,11,20,3
OpenPOS.Core,OpenPOS.Data.Financeiro,AnaliseCredito,83,3,8,19,6
OpenPOS.Core,OpenPOS.Data.Financeiro.Lancamento,ContaPagar,95,3,11,21,4
OpenPOS.Core,OpenPOS.Data.Financeiro.Lancamento,ContaReceber,95,3,11,21,4
OpenPOS.Core,OpenPOS.Data.FrenteCaixa.Cadastro,Caixa,90,9,7,22,14
OpenPOS.Core,OpenPOS.Data.FrenteCaixa.Cadastro,PDV,75,23,8,37,58
OpenPOS.Core,OpenPOS.Data.FrenteCaixa.Conferencia,Caixa,96,2,8,3,3
OpenPOS.Core,OpenPOS.Data.FrenteCaixa.Conferencia,CaixaFormaPagto,100,1,8,1,1
OpenPOS.Core,OpenPOS.Data.FrenteCaixa.Lancamento,AbreCaixa,69,14,8,35,39
OpenPOS.Core,OpenPOS.Data.FrenteCaixa.Lancamento,AdiantamentoFuncionario,92,9,10,5,13
OpenPOS.Core,OpenPOS.Data.FrenteCaixa.Lancamento,FechaCaixa,69,25,8,52,48
OpenPOS.Core,OpenPOS.Data.FrenteCaixa.Lancamento,LancamentoCaixa,92,9,10,4,8
OpenPOS.Core,OpenPOS.Data.FrenteCaixa.Lancamento,PagamentoFornecedor,92,9,10,5,13
OpenPOS.Core,OpenPOS.Data.FrenteCaixa.Lancamento,Sangria,92,9,10,5,13
OpenPOS.Core,OpenPOS.Data.FrenteCaixa.Lancamento,Suprimento,93,7,10,5,10
OpenPOS.Core,OpenPOS.Data.FrenteCaixa.Lancamento,ValeTransporte,92,9,10,5,13
OpenPOS.Core,OpenPOS.Data.FrenteCaixa.Lancamento,Voucher,92,11,10,5,15
OpenPOS.Core,OpenPOS.Data.Regra,Regra,96,2,8,3,3
OpenPOS.Core,OpenPOS.Data.Regra.AnaliseCredito,Regra,96,2,9,15,3
OpenPOS.Core,OpenPOS.Data.Regra.AnaliseCredito,RegraFiltro,96,2,8,16,3
OpenPOS.Core,OpenPOS.Data.Regra.AnaliseCredito,RegraUsuarioResp,96,2,8,16,3
OpenPOS.Core,OpenPOS.Data.Regra.BaseCalculo,Regra,96,2,9,3,3
OpenPOS.Core,OpenPOS.Data.Regra.BaseCalculo,RegraFiltro,96,2,8,3,3
OpenPOS.Core,OpenPOS.Data.Regra.CFOP,CFOPRegra,96,2,9,15,3
OpenPOS.Core,OpenPOS.Data.Regra.CFOP,CFOPRegraFiltro,76,25,7,42,55
OpenPOS.Core,OpenPOS.Data.Regra.CFOP,CSTCSOSNRegraCodigo,91,5,7,25,7
OpenPOS.Core,OpenPOS.Data.Regra.CSTCSOSN,CSTCSOSNRegra,96,2,9,15,3
OpenPOS.Core,OpenPOS.Data.Regra.CSTCSOSN,CSTCSOSNRegraFiltro,89,15,7,35,27
OpenPOS.Core,OpenPOS.Data.Regra.Desconto,DescontoRegra,95,3,9,15,4
OpenPOS.Core,OpenPOS.Data.Regra.Desconto,DescontoRegraExcecao,72,60,7,56,112
OpenPOS.Core,OpenPOS.Data.Regra.Desconto,DescontoRegraFiltro,96,2,8,16,3
OpenPOS.Core,OpenPOS.Data.Regra.Desconto,DescontoRegraUsuarioResp,96,2,8,16,3
OpenPOS.Core,OpenPOS.Data.Regra.Preco,PrecoRegra,96,2,9,3,3
OpenPOS.Core,OpenPOS.Data.Regra.Preco,PrecoRegraFiltro,90,7,7,26,10
OpenPOS.Core,OpenPOS.Data.Regra.Preco,PrecoRegraItemEspecial,90,9,7,26,13
OpenPOS.Core,OpenPOS.Data.Regra.TextoPadrao,TextoPadraoRegra,96,2,9,3,3
OpenPOS.Core,OpenPOS.Data.Regra.TextoPadrao,TextoPadraoRegraFiltro,75,29,7,46,65
OpenPOS.Core,OpenPOS.Data.Regra.Tributo,TributoRegra,96,2,9,15,3
OpenPOS.Core,OpenPOS.Data.Regra.Tributo,TributoRegraAliquota,90,7,7,24,11
OpenPOS.Core,OpenPOS.Data.Regra.Tributo,TributoRegraFiltro,81,19,7,41,37
OpenPOS.Core,OpenPOS.Data.Regra.Tributo,TributoRegraSTProtocolo,91,5,7,24,8
OpenPOS.Core,OpenPOS.Data.Reports,Filtro,96,2,8,16,3
OpenPOS.Core,OpenPOS.Data.Reports,Grupo,96,2,8,3,3
OpenPOS.Core,OpenPOS.Data.Reports,Relatorio,96,2,8,3,3
OpenPOS.Core,OpenPOS.Data.Sincronizacao,Sincronizacao,90,11,7,20,16
OpenPOS.Core,OpenPOS.Data.Sistema.Log,Log,96,2,8,14,3
OpenPOS.Core,OpenPOS.Data.Sistema.Log,LogIBPT,83,5,9,16,9
OpenPOS.Core,OpenPOS.Data.Sistema.Log,LogNFe,81,11,9,21,22
OpenPOS.Core,OpenPOS.Database,CommandFactory,52,130,1,69,377
OpenPOS.Core,OpenPOS.Database,CommandFactory.MyHierarchicalType,94,4,1,1,4
OpenPOS.Core,OpenPOS.Estoque.Saldo,SaldoItemResult,93,11,2,3,11
OpenPOS.Core,OpenPOS.NFe,ChaveNFe,72,29,1,26,66
OpenPOS.Core,OpenPOS.NFe,Inutilizacao,79,25,1,25,52
OpenPOS.Core,OpenPOS.NFe.CustomTypeConverters,ChaveNFeTypeConverter,92,4,2,5,7
OpenPOS.Core,OpenPOS.Shared,PesquisarComprasResult,94,5,2,3,5
OpenPOS.Core,OpenPOS.Shared,PesquisarDAVPreVendaResult,95,3,2,2,3
OpenPOS.Core,OpenPOS.Shared.Cadastro.Lancamento.Movimento,CalculoItemEspecial,71,72,1,18,121
OpenPOS.Core,OpenPOS.Shared.DadosCheque,DadosCheque,89,20,1,4,21
OpenPOS.Core,OpenPOS.Shared.Faturamento,ImpostoAproximadoResult,89,23,2,5,36
OpenPOS.Core,OpenPOS.Shared.Financeiro,AnalisarCredito,32,27,1,32,70
OpenPOS.Core,OpenPOS.Shared.Financeiro,AnaliseCreditoResult,93,5,2,3,5
OpenPOS.Core,OpenPOS.Shared.Financeiro.Lancamento,ParcelaResult,93,19,2,6,19
OpenPOS.Core,OpenPOS.Shared.Regra.Abstract,RegraBase<R;F>,100,2,1,2,1
OpenPOS.Core,OpenPOS.Shared.Regra.Abstract,RegraFilterBase,100,1,1,0,1
OpenPOS.Core,OpenPOS.Shared.Regra.Abstract,RegraResultBase<F>,94,3,1,2,4
OpenPOS.Core,OpenPOS.Shared.Regra.Abstract.Desconto,RegraDescontoResultBase<F>,94,7,2,3,7
OpenPOS.Core,OpenPOS.Shared.Regra.Abstract.Tributo,RegraTributoResultBase<F>,98,1,2,3,1
OpenPOS.Core,OpenPOS.Shared.Regra.Desconto,CalcularDesconto,48,76,2,42,143
OpenPOS.Core,OpenPOS.Shared.Regra.Desconto,RegraDescontoFilter,93,17,2,8,17
OpenPOS.Core,OpenPOS.Shared.Regra.Desconto,RegraDescontoResult,77,1,3,3,4
OpenPOS.Core,OpenPOS.Shared.Regra.Preco,CalcularPreco,56,35,2,43,46
OpenPOS.Core,OpenPOS.Shared.Regra.Preco,RegraPrecoFilter,94,5,2,3,5
OpenPOS.Core,OpenPOS.Shared.Regra.Preco,RegraPrecoResult,94,3,3,3,3
OpenPOS.Core,OpenPOS.Shared.Regra.TextoPadrao,RegraTextoPadraoFilter,93,15,2,8,15
OpenPOS.Core,OpenPOS.Shared.Regra.TextoPadrao,RegraTextoPadraoResult,93,3,2,3,4
OpenPOS.Core,OpenPOS.Shared.Regra.TextoPadrao,RetornaTextoPadrao,66,27,2,23,41
OpenPOS.Core,OpenPOS.Shared.Regra.Tributo,CalcularTributo,58,90,2,59,116
OpenPOS.Core,OpenPOS.Shared.Regra.Tributo,RegraBaseCalculoFilter,93,15,2,9,15
OpenPOS.Core,OpenPOS.Shared.Regra.Tributo,RegraBaseCalculoResult,93,3,2,3,4
OpenPOS.Core,OpenPOS.Shared.Regra.Tributo,RegraCFOPFilter,93,13,2,8,13
OpenPOS.Core,OpenPOS.Shared.Regra.Tributo,RegraCFOPResult,93,3,2,3,4
OpenPOS.Core,OpenPOS.Shared.Regra.Tributo,RegraCSTCSOSNFilter,95,3,2,2,3
OpenPOS.Core,OpenPOS.Shared.Regra.Tributo,RegraCSTCSOSNResult,93,3,2,3,4
OpenPOS.Core,OpenPOS.Shared.Regra.Tributo,RegraTributoFilter,93,15,2,8,15
OpenPOS.Core,OpenPOS.Shared.Regra.Tributo,RegraTributoResult,98,1,3,3,1
OpenPOS.Core,OpenPOS.Shared.Regra.Tributo,RetornaBaseCalculo,66,39,2,30,50
OpenPOS.Core,OpenPOS.Shared.Regra.Tributo,RetornaCFOP,65,40,2,31,50
OpenPOS.Core,OpenPOS.Shared.Regra.Tributo,RetornaCSTCSOSN,65,41,2,36,53
OpenPOS.Desktop,OpenPOS.Desktop,Program,51,8,1,22,23
OpenPOS.Desktop,OpenPOS.Desktop.ComponentModel,_CSTCSOSNRegraHack,100,1,8,2,1
OpenPOS.Desktop,OpenPOS.Desktop.ComponentModel,_DescontoRegraHack,100,1,8,2,1
OpenPOS.Desktop,OpenPOS.Desktop.ComponentModel,_TributoRegraHack,100,1,8,2,1
OpenPOS.Desktop,OpenPOS.Desktop.ComponentModel,frmCSTCSOSNRegra,52,58,9,60,259
OpenPOS.Desktop,OpenPOS.Desktop.ComponentModel,frmDescontoRegra,43,94,9,75,337
OpenPOS.Desktop,OpenPOS.Desktop.ComponentModel,frmTributoRegra,48,68,9,92,390
OpenPOS.Desktop,OpenPOS.Desktop.ComponentModel.Cadastro.Item,_ItemBaseDesign,72,2,10,10,11
OpenPOS.Desktop,OpenPOS.Desktop.ComponentModel.Cadastro.Item,_ItemBaseHack,100,1,9,2,1
OpenPOS.Desktop,OpenPOS.Desktop.ComponentModel.Cadastro.Item,_ProdutoBaseDesign,60,2,11,11,27
OpenPOS.Desktop,OpenPOS.Desktop.ComponentModel.Cadastro.Item,_ProdutoBaseHack,100,1,10,2,1
OpenPOS.Desktop,OpenPOS.Desktop.ComponentModel.Cadastro.Item,ItemBase<T>,57,16,8,35,82
OpenPOS.Desktop,OpenPOS.Desktop.ComponentModel.Cadastro.Item,ProdutoBase<T>,46,92,9,103,526
OpenPOS.Desktop,OpenPOS.Desktop.ComponentModel.Cadastro.Pessoa,PessoaBase<T>,45,178,8,108,1120
OpenPOS.Desktop,OpenPOS.Desktop.ComponentModel.Cadastro.Pessoa,PessoaBase<T>.TipoEndereco,100,0,1,0,0
OpenPOS.Desktop,OpenPOS.Desktop.ComponentModel.Faturamento.Lancamento.Movimento.NF,NFBase,45,100,10,129,662
OpenPOS.Desktop,OpenPOS.Desktop.ComponentModel.Forms.Faturamento.Lancamento.Movimento,_MovimentoBaseHack,100,1,8,2,1
OpenPOS.Desktop,OpenPOS.Desktop.ComponentModel.Forms.Faturamento.Lancamento.Movimento,MovimentoBase,48,226,9,182,1447
OpenPOS.Desktop,OpenPOS.Desktop.Forms,frmInicial,60,256,7,236,1116
OpenPOS.Desktop,OpenPOS.Desktop.Forms,frmLogin,71,18,7,23,56
OpenPOS.Desktop,OpenPOS.Desktop.Forms,frmLoginVendaCF,64,12,7,27,41
OpenPOS.Desktop,OpenPOS.Desktop.Forms.Cadastro,_frmBancoHack,100,1,8,2,1
OpenPOS.Desktop,OpenPOS.Desktop.Forms.Cadastro,_frmCFOPHack,100,1,8,2,1
OpenPOS.Desktop,OpenPOS.Desktop.Forms.Cadastro,_frmContaClienteMesaHack,100,1,8,2,1
OpenPOS.Desktop,OpenPOS.Desktop.Forms.Cadastro,_frmEndereco_Hack,100,1,8,2,1
OpenPOS.Desktop,OpenPOS.Desktop.Forms.Cadastro,_frmfrmFormaPagtoHack,100,1,8,2,1
OpenPOS.Desktop,OpenPOS.Desktop.Forms.Cadastro,_frmNivelAcessoHack,100,1,8,2,1
OpenPOS.Desktop,OpenPOS.Desktop.Forms.Cadastro,_frmRamoAtividadeHack,100,1,8,2,1
OpenPOS.Desktop,OpenPOS.Desktop.Forms.Cadastro,_frmRegiaoHack,100,1,8,2,1
OpenPOS.Desktop,OpenPOS.Desktop.Forms.Cadastro,_frmTabelaPrecoHack,100,1,8,2,1
OpenPOS.Desktop,OpenPOS.Desktop.Forms.Cadastro,_frmUnidadeHack,100,1,8,2,1
OpenPOS.Desktop,OpenPOS.Desktop.Forms.Cadastro,_frmVeiculoHack,100,1,8,2,1
OpenPOS.Desktop,OpenPOS.Desktop.Forms.Cadastro,frmBanco,63,10,9,20,58
OpenPOS.Desktop,OpenPOS.Desktop.Forms.Cadastro,frmCFOP,51,12,9,21,126
OpenPOS.Desktop,OpenPOS.Desktop.Forms.Cadastro,frmContaClienteMesa,62,26,9,44,145
OpenPOS.Desktop,OpenPOS.Desktop.Forms.Cadastro,frmEndereco,50,25,9,55,226
OpenPOS.Desktop,OpenPOS.Desktop.Forms.Cadastro,frmFormaPagto,54,12,9,31,106
OpenPOS.Desktop,OpenPOS.Desktop.Forms.Cadastro,frmNivelAcesso,60,45,9,40,130
OpenPOS.Desktop,OpenPOS.Desktop.Forms.Cadastro,frmRamoAtividade,53,13,9,31,114
OpenPOS.Desktop,OpenPOS.Desktop.Forms.Cadastro,frmRegiao,64,9,9,19,51
OpenPOS.Desktop,OpenPOS.Desktop.Forms.Cadastro,frmTabelaPreco,49,46,9,83,332
OpenPOS.Desktop,OpenPOS.Desktop.Forms.Cadastro,frmUnidade,58,11,9,19,78
OpenPOS.Desktop,OpenPOS.Desktop.Forms.Cadastro,frmVeiculo,53,13,9,30,110
OpenPOS.Desktop,OpenPOS.Desktop.Forms.Cadastro,NodeConstructor,69,15,1,16,25
OpenPOS.Desktop,OpenPOS.Desktop.Forms.Cadastro.Item,_frmGrupoItemHack,100,1,8,2,1
OpenPOS.Desktop,OpenPOS.Desktop.Forms.Cadastro.Item,_frmItemProdAcabadoHack,100,1,10,2,1
OpenPOS.Desktop,OpenPOS.Desktop.Forms.Cadastro.Item,_frmItemServHack,100,1,9,2,1
OpenPOS.Desktop,OpenPOS.Desktop.Forms.Cadastro.Item,_frmKitHack,100,1,10,2,1
OpenPOS.Desktop,OpenPOS.Desktop.Forms.Cadastro.Item,_frmNCMHack,100,1,8,2,1
OpenPOS.Desktop,OpenPOS.Desktop.Forms.Cadastro.Item,frmGrupoItem,57,9,9,23,85
OpenPOS.Desktop,OpenPOS.Desktop.Forms.Cadastro.Item,frmItemServ,71,8,10,21,30
OpenPOS.Desktop,OpenPOS.Desktop.Forms.Cadastro.Item,frmKit,55,29,11,67,202
OpenPOS.Desktop,OpenPOS.Desktop.Forms.Cadastro.Item,frmNCM,43,32,9,54,484
OpenPOS.Desktop,OpenPOS.Desktop.Forms.Cadastro.Item,frmProdAcabado,50,39,11,86,350
OpenPOS.Desktop,OpenPOS.Desktop.Forms.Cadastro.PercentualSimples,_frmPercentualSimplesHack,100,1,8,2,1
OpenPOS.Desktop,OpenPOS.Desktop.Forms.Cadastro.PercentualSimples,frmPercentualSimples,51,10,9,21,141
OpenPOS.Desktop,OpenPOS.Desktop.Forms.Cadastro.Pessoa,_frmClienteHack,100,1,9,2,1
OpenPOS.Desktop,OpenPOS.Desktop.Forms.Cadastro.Pessoa,_frmContadorHack,100,1,9,2,1
OpenPOS.Desktop,OpenPOS.Desktop.Forms.Cadastro.Pessoa,_frmEmpresaHack,100,1,9,2,1
OpenPOS.Desktop,OpenPOS.Desktop.Forms.Cadastro.Pessoa,_frmFabricante,100,1,9,2,1
OpenPOS.Desktop,OpenPOS.Desktop.Forms.Cadastro.Pessoa,_frmFornecedorHack,100,1,9,2,1
OpenPOS.Desktop,OpenPOS.Desktop.Forms.Cadastro.Pessoa,_frmTransportadorHack,100,1,9,2,1
OpenPOS.Desktop,OpenPOS.Desktop.Forms.Cadastro.Pessoa,_frmUsuarioHack,100,1,9,2,1
OpenPOS.Desktop,OpenPOS.Desktop.Forms.Cadastro.Pessoa,_frmVendedorHack,100,1,9,2,1
OpenPOS.Desktop,OpenPOS.Desktop.Forms.Cadastro.Pessoa,frmCliente,47,19,10,74,200
OpenPOS.Desktop,OpenPOS.Desktop.Forms.Cadastro.Pessoa,frmContador,52,13,10,43,149
OpenPOS.Desktop,OpenPOS.Desktop.Forms.Cadastro.Pessoa,frmEmpresa,51,22,10,62,215
OpenPOS.Desktop,OpenPOS.Desktop.Forms.Cadastro.Pessoa,frmFabricante,55,5,10,28,55
OpenPOS.Desktop,OpenPOS.Desktop.Forms.Cadastro.Pessoa,frmFornecedor,64,5,10,20,29
OpenPOS.Desktop,OpenPOS.Desktop.Forms.Cadastro.Pessoa,frmTransportador,45,17,10,62,198
OpenPOS.Desktop,OpenPOS.Desktop.Forms.Cadastro.Pessoa,frmUsuario,45,61,10,102,468
OpenPOS.Desktop,OpenPOS.Desktop.Forms.Cadastro.Pessoa,frmVendedor,54,5,10,29,57
OpenPOS.Desktop,OpenPOS.Desktop.Forms.Cadastro.Regra,_frmAnaliseCreditoRegraHack,100,1,8,2,1
OpenPOS.Desktop,OpenPOS.Desktop.Forms.Cadastro.Regra,_frmCFOPRegraHack,100,1,8,2,1
OpenPOS.Desktop,OpenPOS.Desktop.Forms.Cadastro.Regra,_frmTextoPadraoRegra,100,1,8,2,1
OpenPOS.Desktop,OpenPOS.Desktop.Forms.Cadastro.Regra,frmAnaliseCreditoRegra,50,45,9,103,361
OpenPOS.Desktop,OpenPOS.Desktop.Forms.Cadastro.Regra,frmCFOPRegra,51,112,9,72,420
OpenPOS.Desktop,OpenPOS.Desktop.Forms.Cadastro.Regra,frmRegraPreco,52,58,9,80,257
OpenPOS.Desktop,OpenPOS.Desktop.Forms.Cadastro.Regra,frmRegraPrecoHack,100,1,8,2,1
OpenPOS.Desktop,OpenPOS.Desktop.Forms.Cadastro.Regra,frmTextoPadraoRegra,51,122,9,77,438
OpenPOS.Desktop,OpenPOS.Desktop.Forms.Cadastro.TextoPadrao,_frmTextoPadraoHack,100,1,8,2,1
OpenPOS.Desktop,OpenPOS.Desktop.Forms.Cadastro.TextoPadrao,frmTextoPadrao,60,10,9,21,66
OpenPOS.Desktop,OpenPOS.Desktop.Forms.Cadastro.Tributo,_frmBaseCalculoRegraHack,100,1,8,2,1
OpenPOS.Desktop,OpenPOS.Desktop.Forms.Cadastro.Tributo,_frmCadastroSTProtocoloHack,100,1,8,2,1
OpenPOS.Desktop,OpenPOS.Desktop.Forms.Cadastro.Tributo,_frmCadastroTributoHack,100,1,8,2,1
OpenPOS.Desktop,OpenPOS.Desktop.Forms.Cadastro.Tributo,frmBaseCalculoRegra,51,103,9,71,413
OpenPOS.Desktop,OpenPOS.Desktop.Forms.Cadastro.Tributo,frmCadastroSTProtocolo,48,14,9,31,197
OpenPOS.Desktop,OpenPOS.Desktop.Forms.Cadastro.Tributo,frmCadastroTributo,56,39,9,67,235
OpenPOS.Desktop,OpenPOS.Desktop.Forms.Configuracao,frmConfiguracao,58,14,8,35,62
OpenPOS.Desktop,OpenPOS.Desktop.Forms.ECF,_frmImpressoraHack,100,1,8,2,1
OpenPOS.Desktop,OpenPOS.Desktop.Forms.ECF,frmImpressora,43,17,9,46,320
OpenPOS.Desktop,OpenPOS.Desktop.Forms.Faturamento.Cadastro,_frmContingenciaMovimentoHack,100,1,8,2,1
OpenPOS.Desktop,OpenPOS.Desktop.Forms.Faturamento.Cadastro,_frmInutilizacao,100,1,8,2,1
OpenPOS.Desktop,OpenPOS.Desktop.Forms.Faturamento.Cadastro,_frmSerie,100,1,8,2,1
OpenPOS.Desktop,OpenPOS.Desktop.Forms.Faturamento.Cadastro,frmContingenciaMovimento,53,23,9,45,162
OpenPOS.Desktop,OpenPOS.Desktop.Forms.Faturamento.Cadastro,frmInutilizacao,49,33,9,39,244
OpenPOS.Desktop,OpenPOS.Desktop.Forms.Faturamento.Cadastro,frmNotaContingencia,48,25,8,65,126
OpenPOS.Desktop,OpenPOS.Desktop.Forms.Faturamento.Cadastro,frmSerie,51,24,9,37,188
OpenPOS.Desktop,OpenPOS.Desktop.Forms.Faturamento.Lancamento.Movimento,FormaPagamento,82,18,1,11,36
OpenPOS.Desktop,OpenPOS.Desktop.Forms.Faturamento.Lancamento.Movimento,frmDAV,64,33,10,74,121
OpenPOS.Desktop,OpenPOS.Desktop.Forms.Faturamento.Lancamento.Movimento,frmDAVOS,52,14,10,45,197
OpenPOS.Desktop,OpenPOS.Desktop.Forms.Faturamento.Lancamento.Movimento,frmFormaPagamento,81,28,7,24,67
OpenPOS.Desktop,OpenPOS.Desktop.Forms.Faturamento.Lancamento.Movimento,frmNovoCupom,58,8,7,27,65
OpenPOS.Desktop,OpenPOS.Desktop.Forms.Faturamento.Lancamento.Movimento,frmPreVenda,60,27,10,71,172
OpenPOS.Desktop,OpenPOS.Desktop.Forms.Faturamento.Lancamento.Movimento,frmVendaNFCe,62,15,11,33,90
OpenPOS.Desktop,OpenPOS.Desktop.Forms.Faturamento.Lancamento.Movimento,frmVendaNFe,51,32,11,73,312
OpenPOS.Desktop,OpenPOS.Desktop.Forms.Faturamento.Lancamento.Movimento.ContaClienteMesa,frmAcoesContaClienteMesa,51,146,8,142,953
OpenPOS.Desktop,OpenPOS.Desktop.Forms.Faturamento.Lancamento.Movimento.ContaClienteMesa,frmContaClienteMesa,57,43,8,52,188
OpenPOS.Desktop,OpenPOS.Desktop.Forms.Financeiro.Cadastro,_frmCondPgtoHack,100,1,8,2,1
OpenPOS.Desktop,OpenPOS.Desktop.Forms.Financeiro.Cadastro,_frmContaCorrenteHack,100,1,8,2,1
OpenPOS.Desktop,OpenPOS.Desktop.Forms.Financeiro.Cadastro,frmCondPgto,48,107,9,90,470
OpenPOS.Desktop,OpenPOS.Desktop.Forms.Financeiro.Cadastro,frmContaCorrente,54,10,9,29,103
OpenPOS.Desktop,OpenPOS.Desktop.Forms.FrenteCaixa.Cadastro,_frmPDVHack,100,1,8,2,1
OpenPOS.Desktop,OpenPOS.Desktop.Forms.FrenteCaixa.Cadastro,frmPDV,57,14,9,22,118
OpenPOS.Desktop,OpenPOS.Desktop.Forms.FrenteCaixa.Lancamento,FechamentoCaixa,51,85,8,111,360
OpenPOS.Desktop,OpenPOS.Desktop.Forms.FrenteCaixa.Lancamento,frmAberturaCaixa,49,13,8,54,148
OpenPOS.Desktop,OpenPOS.Desktop.Forms.FrenteCaixa.Lancamento,frmMovimentacaoCaixa,53,27,8,54,226
OpenPOS.Desktop,OpenPOS.Desktop.Forms.FrenteCaixa.Lancamento,frmVendaCF,47,458,7,226,1760
OpenPOS.Desktop,OpenPOS.Desktop.Forms.FrenteCaixa.Lancamento,PagamentoEfetuadoEventArgs,92,22,2,6,26
OpenPOS.Desktop,OpenPOS.Desktop.Forms.FrenteCaixa.Lancamento,StatusCaixaEventArgs,94,3,2,2,4
OpenPOS.Desktop,OpenPOS.Desktop.Forms.Login,frmLoginContaClienteMesa,62,19,7,36,41
OpenPOS.Desktop,OpenPOS.Desktop.Forms.Sistema.Log,frmImportNCM,53,15,8,33,118
OpenPOS.Desktop,OpenPOS.Desktop.Forms.Sistema.Log,frmLog,44,6,8,20,124
OpenPOS.Desktop.ComponentModel,OpenPOS,frmSelecionaPeriodo,49,10,7,33,129
OpenPOS.Desktop.ComponentModel,OpenPOS,SelecionaPeriodo,67,2,1,5,7
OpenPOS.Desktop.ComponentModel,OpenPOS.Desktop,SearchWindow,69,3,1,10,12
OpenPOS.Desktop.ComponentModel,OpenPOS.Desktop,SearchWindowCustomer,69,3,1,11,12
OpenPOS.Desktop.ComponentModel,OpenPOS.Desktop,SearchWindowCustomerForm,70,9,8,22,21
OpenPOS.Desktop.ComponentModel,OpenPOS.Desktop,SearchWindowForm,58,14,7,47,122
OpenPOS.Desktop.ComponentModel,OpenPOS.Desktop,SearchWindowResult,93,5,1,1,7
OpenPOS.Desktop.ComponentModel,OpenPOS.Desktop.ComponentModel,__IMainForm,100,15,0,4,0
OpenPOS.Desktop.ComponentModel,OpenPOS.Desktop.ComponentModel,AboutBox,94,1,1,2,1
OpenPOS.Desktop.ComponentModel,OpenPOS.Desktop.ComponentModel,AddToGridButton,76,5,6,8,12
OpenPOS.Desktop.ComponentModel,OpenPOS.Desktop.ComponentModel,Bobina,60,130,7,84,278
OpenPOS.Desktop.ComponentModel,OpenPOS.Desktop.ComponentModel,Bobina.AbreCupomArgs,94,4,1,1,4
OpenPOS.Desktop.ComponentModel,OpenPOS.Desktop.ComponentModel,Bobina.BufferItem,94,6,1,3,6
OpenPOS.Desktop.ComponentModel,OpenPOS.Desktop.ComponentModel,Bobina.CancelaItemArgs,94,4,1,1,4
OpenPOS.Desktop.ComponentModel,OpenPOS.Desktop.ComponentModel,Bobina.VendeItemArgs,94,4,1,1,4
OpenPOS.Desktop.ComponentModel,OpenPOS.Desktop.ComponentModel,CalculoTextBox,60,27,7,27,248
OpenPOS.Desktop.ComponentModel,OpenPOS.Desktop.ComponentModel,ComponentModelEventArgs,92,10,2,2,13
OpenPOS.Desktop.ComponentModel,OpenPOS.Desktop.ComponentModel,ConfiguracaoECF,61,26,7,37,99
OpenPOS.Desktop.ComponentModel,OpenPOS.Desktop.ComponentModel,CSTCSOSNRegra,59,32,7,41,187
OpenPOS.Desktop.ComponentModel,OpenPOS.Desktop.ComponentModel,DeactivateEventArgs,95,3,2,1,3
OpenPOS.Desktop.ComponentModel,OpenPOS.Desktop.ComponentModel,DescontoRegra,58,42,7,47,283
OpenPOS.Desktop.ComponentModel,OpenPOS.Desktop.ComponentModel,FiltroDescontoRegra,54,19,7,48,185
OpenPOS.Desktop.ComponentModel,OpenPOS.Desktop.ComponentModel,FiltroPrecoRegra,61,17,7,25,82
OpenPOS.Desktop.ComponentModel,OpenPOS.Desktop.ComponentModel,FiltroValues,94,7,1,0,7
OpenPOS.Desktop.ComponentModel,OpenPOS.Desktop.ComponentModel,FormaPagamento,56,93,7,84,481
OpenPOS.Desktop.ComponentModel,OpenPOS.Desktop.ComponentModel,FormaPagamento.FormaPagamentoEventArgs,93,10,3,4,10
OpenPOS.Desktop.ComponentModel,OpenPOS.Desktop.ComponentModel,FormaPagamento.FormaPagamentoValue,91,1,1,1,2
OpenPOS.Desktop.ComponentModel,OpenPOS.Desktop.ComponentModel,FormBase,72,5,7,9,16
OpenPOS.Desktop.ComponentModel,OpenPOS.Desktop.ComponentModel,frmAboutBox,60,24,7,41,115
OpenPOS.Desktop.ComponentModel,OpenPOS.Desktop.ComponentModel,frmItensEspeciaisDialog,54,32,7,66,135
OpenPOS.Desktop.ComponentModel,OpenPOS.Desktop.ComponentModel,frmItensEspeciaisItemTotalDialog,48,50,7,68,239
OpenPOS.Desktop.ComponentModel,OpenPOS.Desktop.ComponentModel,frmPesquisarDAVPV,50,63,8,100,333
OpenPOS.Desktop.ComponentModel,OpenPOS.Desktop.ComponentModel,frmPropertyEdit,60,7,7,23,59
OpenPOS.Desktop.ComponentModel,OpenPOS.Desktop.ComponentModel,frmSplash,63,6,7,15,36
OpenPOS.Desktop.ComponentModel,OpenPOS.Desktop.ComponentModel,GridPanelFilterType,100,0,1,1,0
OpenPOS.Desktop.ComponentModel,OpenPOS.Desktop.ComponentModel,IMainForm<T>,100,1,0,5,0
OpenPOS.Desktop.ComponentModel,OpenPOS.Desktop.ComponentModel,ItensEspeciaisItemTotalDialog,83,7,1,5,13
OpenPOS.Desktop.ComponentModel,OpenPOS.Desktop.ComponentModel,ItensEspeciasDialog,70,2,1,4,6
OpenPOS.Desktop.ComponentModel,OpenPOS.Desktop.ComponentModel,Login,56,24,7,35,154
OpenPOS.Desktop.ComponentModel,OpenPOS.Desktop.ComponentModel,LoginEventArgs,93,4,3,2,6
OpenPOS.Desktop.ComponentModel,OpenPOS.Desktop.ComponentModel,LoginHandler,100,4,1,3,0
OpenPOS.Desktop.ComponentModel,OpenPOS.Desktop.ComponentModel,MainForm<T>,65,83,7,69,278
OpenPOS.Desktop.ComponentModel,OpenPOS.Desktop.ComponentModel,MoveToPage,100,0,1,1,0
OpenPOS.Desktop.ComponentModel,OpenPOS.Desktop.ComponentModel,OptionBarBase,70,10,7,15,20
OpenPOS.Desktop.ComponentModel,OpenPOS.Desktop.ComponentModel,OptionBarCaixa,60,6,8,17,45
OpenPOS.Desktop.ComponentModel,OpenPOS.Desktop.ComponentModel,OptionBarDAV,58,5,8,12,41
OpenPOS.Desktop.ComponentModel,OpenPOS.Desktop.ComponentModel,OptionBarOutros,57,5,8,17,43
OpenPOS.Desktop.ComponentModel,OpenPOS.Desktop.ComponentModel,OptionBarVenda,67,5,8,12,23
OpenPOS.Desktop.ComponentModel,OpenPOS.Desktop.ComponentModel,Parcela,57,102,7,93,385
OpenPOS.Desktop.ComponentModel,OpenPOS.Desktop.ComponentModel,Parcela.ParcelaRecalculadaHandler,100,4,1,4,0
OpenPOS.Desktop.ComponentModel,OpenPOS.Desktop.ComponentModel,PesquisarDAVPreVenda,63,2,1,5,10
OpenPOS.Desktop.ComponentModel,OpenPOS.Desktop.ComponentModel,PropertyEdit,84,1,1,2,2
OpenPOS.Desktop.ComponentModel,OpenPOS.Desktop.ComponentModel,RichTextBox,83,5,6,2,4
OpenPOS.Desktop.ComponentModel,OpenPOS.Desktop.ComponentModel,SearchField,66,117,7,81,312
OpenPOS.Desktop.ComponentModel,OpenPOS.Desktop.ComponentModel,SearchField.AddClickArgs,95,3,2,2,3
OpenPOS.Desktop.ComponentModel,OpenPOS.Desktop.ComponentModel,SearchField.ClickButtonAddHandler,100,4,1,3,0
OpenPOS.Desktop.ComponentModel,OpenPOS.Desktop.ComponentModel,SearchField.ClickHanlder,100,4,1,3,0
OpenPOS.Desktop.ComponentModel,OpenPOS.Desktop.ComponentModel,SearchField.PopupOpenEventArgs,94,5,2,1,5
OpenPOS.Desktop.ComponentModel,OpenPOS.Desktop.ComponentModel,SearchField.PopupOpenHandler,100,4,1,3,0
OpenPOS.Desktop.ComponentModel,OpenPOS.Desktop.ComponentModel,SearchField.SelectedItemArgs,92,7,1,2,9
OpenPOS.Desktop.ComponentModel,OpenPOS.Desktop.ComponentModel,SearchField.SelectedItemHandler,100,4,1,3,0
OpenPOS.Desktop.ComponentModel,OpenPOS.Desktop.ComponentModel,SearchFieldCustomer,70,5,8,15,9
OpenPOS.Desktop.ComponentModel,OpenPOS.Desktop.ComponentModel,SearchFieldPopup,66,30,7,39,99
OpenPOS.Desktop.ComponentModel,OpenPOS.Desktop.ComponentModel,SearchFieldProduct,79,7,8,16,11
OpenPOS.Desktop.ComponentModel,OpenPOS.Desktop.ComponentModel,SelectFiltroRegra,60,31,7,45,127
OpenPOS.Desktop.ComponentModel,OpenPOS.Desktop.ComponentModel,SelectFiltroRegraComboBox,63,41,7,56,144
OpenPOS.Desktop.ComponentModel,OpenPOS.Desktop.ComponentModel,TextFindField,69,63,7,62,189
OpenPOS.Desktop.ComponentModel,OpenPOS.Desktop.ComponentModel,TextFindField.AddClickArgs,95,3,2,2,3
OpenPOS.Desktop.ComponentModel,OpenPOS.Desktop.ComponentModel,TextFindField.ClickButtonAddHandler,100,4,1,3,0
OpenPOS.Desktop.ComponentModel,OpenPOS.Desktop.ComponentModel,TextFindField.SelectedItemArgs,94,3,1,1,3
OpenPOS.Desktop.ComponentModel,OpenPOS.Desktop.ComponentModel,TextFindField.SelectedItemHandler,100,4,1,3,0
OpenPOS.Desktop.ComponentModel,OpenPOS.Desktop.ComponentModel,Toolbar,67,98,7,42,320
OpenPOS.Desktop.ComponentModel,OpenPOS.Desktop.ComponentModel,Toolbar.ToolbarButtonClickHandler,100,4,1,4,0
OpenPOS.Desktop.ComponentModel,OpenPOS.Desktop.ComponentModel,TributoRegra,59,36,7,43,216
OpenPOS.Desktop.ComponentModel,OpenPOS.Desktop.ComponentModel,ValidateUtility,46,17,1,19,26
OpenPOS.Desktop.ComponentModel,OpenPOS.Desktop.ComponentModel.Cadastro.Pessoa,PessoaFisica,49,33,7,57,362
OpenPOS.Desktop.ComponentModel,OpenPOS.Desktop.ComponentModel.Cadastro.Pessoa,PessoaJuridica,54,33,7,56,211
OpenPOS.Desktop.ComponentModel,OpenPOS.Desktop.ComponentModel.Faturamento.Lancamento.Movimento.ContaClienteMesa,AddNewEventArgs,94,3,2,2,4
OpenPOS.Desktop.ComponentModel,OpenPOS.Desktop.ComponentModel.Faturamento.Lancamento.Movimento.ContaClienteMesa,ContaClienteMesaButton,81,23,8,26,59
OpenPOS.Desktop.ComponentModel,OpenPOS.Desktop.ComponentModel.Faturamento.Lancamento.Movimento.ContaClienteMesa,SelecionarMesaCliente,66,9,8,16,21
OpenPOS.Desktop.ComponentModel,OpenPOS.Desktop.ComponentModel.Forms,FormMesclarCarregarDAV,58,88,8,89,440
OpenPOS.Desktop.ComponentModel,OpenPOS.Desktop.ComponentModel.Forms,FormMesclarCarregarDAV.MovimentosSelectedHandler,100,4,1,4,0
OpenPOS.Desktop.ComponentModel,OpenPOS.Desktop.ComponentModel.Forms.CadastroRapido.Endereco,Bairro,55,14,7,36,111
OpenPOS.Desktop.ComponentModel,OpenPOS.Desktop.ComponentModel.Forms.CadastroRapido.Endereco,Cidade,59,15,8,35,96
OpenPOS.Desktop.ComponentModel,OpenPOS.Desktop.ComponentModel.Forms.CadastroRapido.Endereco,CidadeMunicipioBase,64,14,7,14,66
OpenPOS.Desktop.ComponentModel,OpenPOS.Desktop.ComponentModel.Forms.CadastroRapido.Endereco,Municipio,56,17,8,37,121
OpenPOS.Desktop.ComponentModel,OpenPOS.Desktop.ComponentModel.Forms.CadastroRapido.Pessoa,Cliente,48,18,7,50,208
OpenPOS.ETL,OpenPOS.ETL,ETLBase,76,52,1,33,95
OpenPOS.ETL,OpenPOS.ETL,ExecuteEventArgs,93,9,2,3,10
OpenPOS.ETL,OpenPOS.ETL,ExecuteHandler,100,4,1,3,0
OpenPOS.ETL,OpenPOS.ETL,Export,100,1,2,1,1
OpenPOS.ETL,OpenPOS.ETL,IETL,100,20,0,7,0
OpenPOS.ETL,OpenPOS.ETL,Import,88,2,2,5,3
OpenPOS.ETL,OpenPOS.ETL,ImportCustomer,52,19,3,46,52
OpenPOS.ETL,OpenPOS.ETL,ImportNCM,45,42,3,71,155
OpenPOS.ETL,OpenPOS.ETL,ImportOrder,87,1,3,2,2
OpenPOS.ETL,OpenPOS.ETL,ImportProduct,49,33,3,63,77
OpenPOS.ETL,OpenPOS.ETL.Mapping,MappingEngine,59,57,2,73,174
OpenPOS.ETL,OpenPOS.ETL.Mapping,MappingKey,75,34,1,15,72
OpenPOS.ETLSynch,OpenPOS.ETLSynch,frmMain,56,45,7,88,270
OpenPOS.ETLSynch,OpenPOS.ETLSynch,Program,62,7,1,14,9
OpenPOS.Model,OpenPOS,ExtensionsMethodPessoa,68,7,1,4,20
OpenPOS.Model,OpenPOS,TipoItemExtension,70,15,1,10,43
OpenPOS.Model,OpenPOS.Model,IBaseModel,100,2,0,8,0
OpenPOS.Model,OpenPOS.Model,IChildModel<T>,100,0,0,11,0
OpenPOS.Model,OpenPOS.Model,IParentModel,100,13,0,15,0
OpenPOS.Model,OpenPOS.Model,IParentModel<T>,100,0,0,13,0
OpenPOS.Model,OpenPOS.Model,IRecordHash,100,2,0,0,0
OpenPOS.Model,OpenPOS.Model,PopulateHandler,100,4,1,4,0
OpenPOS.Model,OpenPOS.Model.Cadastro,IBanco,100,2,0,10,0
OpenPOS.Model,OpenPOS.Model.Cadastro,ICFOP,100,8,0,10,0
OpenPOS.Model,OpenPOS.Model.Cadastro,IContaClienteMesa,100,6,0,12,0
OpenPOS.Model,OpenPOS.Model.Cadastro,ICSTCSOSN,100,6,0,11,0
OpenPOS.Model,OpenPOS.Model.Cadastro,IFormaPagamento,100,10,0,12,0
OpenPOS.Model,OpenPOS.Model.Cadastro,INCM,100,24,0,12,0
OpenPOS.Model,OpenPOS.Model.Cadastro,INCMEx,100,6,0,15,0
OpenPOS.Model,OpenPOS.Model.Cadastro,INivelAcesso,100,4,0,12,0
OpenPOS.Model,OpenPOS.Model.Cadastro,INivelAcessoRegra,100,4,0,12,0
OpenPOS.Model,OpenPOS.Model.Cadastro,IRamoAtividade,100,6,0,11,0
OpenPOS.Model,OpenPOS.Model.Cadastro,IRegiao,100,2,0,10,0
OpenPOS.Model,OpenPOS.Model.Cadastro,ITipoUsuario,100,4,0,10,0
OpenPOS.Model,OpenPOS.Model.Cadastro,IUnidade,100,6,0,11,0
OpenPOS.Model,OpenPOS.Model.Cadastro.Endereco,IBairro,100,4,0,11,0
OpenPOS.Model,OpenPOS.Model.Cadastro.Endereco,ICidade,100,6,0,11,0
OpenPOS.Model,OpenPOS.Model.Cadastro.Endereco,IContinente,100,2,0,10,0
OpenPOS.Model,OpenPOS.Model.Cadastro.Endereco,IEndereco,100,18,0,17,0
OpenPOS.Model,OpenPOS.Model.Cadastro.Endereco,IEstado,100,8,0,12,0
OpenPOS.Model,OpenPOS.Model.Cadastro.Endereco,IMunicipio,100,8,0,11,0
OpenPOS.Model,OpenPOS.Model.Cadastro.Endereco,IPais,100,8,0,11,0
OpenPOS.Model,OpenPOS.Model.Cadastro.Financeiro.CondicaoPagamento,ICondicaoPagamento,100,17,0,17,0
OpenPOS.Model,OpenPOS.Model.Cadastro.Financeiro.CondicaoPagamento,IParcela,100,10,0,13,0
OpenPOS.Model,OpenPOS.Model.Cadastro.Financeiro.ContaCorrente,IContaCorrente,100,6,0,11,0
OpenPOS.Model,OpenPOS.Model.Cadastro.Item,ICodigoBarra,100,6,0,13,0
OpenPOS.Model,OpenPOS.Model.Cadastro.Item,IGrupoItem,100,10,0,10,0
OpenPOS.Model,OpenPOS.Model.Cadastro.Item,IItem,100,12,0,15,0
OpenPOS.Model,OpenPOS.Model.Cadastro.Item.Especial,IDesconto,100,0,0,11,0
OpenPOS.Model,OpenPOS.Model.Cadastro.Item.Especial,IDespesaAcessoria,100,0,0,11,0
OpenPOS.Model,OpenPOS.Model.Cadastro.Item.Especial,IEncargoFinanceiro,100,0,0,11,0
OpenPOS.Model,OpenPOS.Model.Cadastro.Item.Especial,IEspecial,100,3,0,11,0
OpenPOS.Model,OpenPOS.Model.Cadastro.Item.Especial,IFrete,100,0,0,11,0
OpenPOS.Model,OpenPOS.Model.Cadastro.Item.Especial,ISeguro,100,0,0,11,0
OpenPOS.Model,OpenPOS.Model.Cadastro.Item.Produto,IAcabado,100,6,0,16,0
OpenPOS.Model,OpenPOS.Model.Cadastro.Item.Produto,IKit,100,2,0,15,0
OpenPOS.Model,OpenPOS.Model.Cadastro.Item.Produto,IKitItem,100,4,0,13,0
OpenPOS.Model,OpenPOS.Model.Cadastro.Item.Produto,IMateriaPrima,100,2,0,14,0
OpenPOS.Model,OpenPOS.Model.Cadastro.Item.Produto,IProduto,100,10,0,18,0
OpenPOS.Model,OpenPOS.Model.Cadastro.Item.Produto,IProdutoArvore,100,8,0,14,0
OpenPOS.Model,OpenPOS.Model.Cadastro.Item.Servico,IServico,100,0,0,12,0
OpenPOS.Model,OpenPOS.Model.Cadastro.PercentualSimples,IPercentualSimples,100,8,0,10,0
OpenPOS.Model,OpenPOS.Model.Cadastro.Periodo,IAnual,100,10,0,16,0
OpenPOS.Model,OpenPOS.Model.Cadastro.Periodo,IMensal,100,8,0,15,0
OpenPOS.Model,OpenPOS.Model.Cadastro.Periodo,IPeriodo,100,11,0,16,0
OpenPOS.Model,OpenPOS.Model.Cadastro.Periodo,ISemanal,100,8,0,15,0
OpenPOS.Model,OpenPOS.Model.Cadastro.Pessoa,ICanalComunicacao,100,12,0,13,0
OpenPOS.Model,OpenPOS.Model.Cadastro.Pessoa,ICliente,100,10,0,16,0
OpenPOS.Model,OpenPOS.Model.Cadastro.Pessoa,IContador,100,6,0,16,0
OpenPOS.Model,OpenPOS.Model.Cadastro.Pessoa,IECFAutorizado,100,2,0,12,0
OpenPOS.Model,OpenPOS.Model.Cadastro.Pessoa,IEmpresa,100,8,0,19,0
OpenPOS.Model,OpenPOS.Model.Cadastro.Pessoa,IEndereco,100,22,0,13,0
OpenPOS.Model,OpenPOS.Model.Cadastro.Pessoa,IFabricante,100,2,0,15,0
OpenPOS.Model,OpenPOS.Model.Cadastro.Pessoa,IFiscalCaixa,100,0,0,16,0
OpenPOS.Model,OpenPOS.Model.Cadastro.Pessoa,IFornecedor,100,0,0,15,0
OpenPOS.Model,OpenPOS.Model.Cadastro.Pessoa,IOcorrencia,100,8,0,15,0
OpenPOS.Model,OpenPOS.Model.Cadastro.Pessoa,IOperadorCaixa,100,0,0,16,0
OpenPOS.Model,OpenPOS.Model.Cadastro.Pessoa,IPessoa,100,22,0,23,0
OpenPOS.Model,OpenPOS.Model.Cadastro.Pessoa,ITransportador,100,8,0,19,0
OpenPOS.Model,OpenPOS.Model.Cadastro.Pessoa,ITransportadorVeiculo,100,2,0,13,0
OpenPOS.Model,OpenPOS.Model.Cadastro.Pessoa,IUsuario,100,18,0,19,0
OpenPOS.Model,OpenPOS.Model.Cadastro.Pessoa,IVendedor,100,2,0,15,0
OpenPOS.Model,OpenPOS.Model.Cadastro.Pessoa.Fisica,IFisica,100,26,0,17,0
OpenPOS.Model,OpenPOS.Model.Cadastro.Pessoa.Juridica,IJuridica,100,14,0,17,0
OpenPOS.Model,OpenPOS.Model.Cadastro.TabelaPreco,IItem,100,6,0,13,0
OpenPOS.Model,OpenPOS.Model.Cadastro.TabelaPreco,ITabelaPreco,100,12,0,13,0
OpenPOS.Model,OpenPOS.Model.Cadastro.TextoPadrao,ITextoPadrao,100,4,0,10,0
OpenPOS.Model,OpenPOS.Model.Cadastro.TipoEmpresa,ITipoEmpresa,100,2,0,10,0
OpenPOS.Model,OpenPOS.Model.Cadastro.Tributo,IAliquotaTributo,100,2,0,14,0
OpenPOS.Model,OpenPOS.Model.Cadastro.Tributo,ISTProtocolo,100,13,0,11,0
OpenPOS.Model,OpenPOS.Model.Cadastro.Tributo,ITributo,100,6,0,13,0
OpenPOS.Model,OpenPOS.Model.Cadastro.Veiculo,IAnoFabricacao,100,6,0,15,0
OpenPOS.Model,OpenPOS.Model.Cadastro.Veiculo,IMarca,100,2,0,10,0
OpenPOS.Model,OpenPOS.Model.Cadastro.Veiculo,IModelo,100,4,0,15,0
OpenPOS.Model,OpenPOS.Model.Cadastro.Veiculo,IVeiculo,100,8,0,13,0
OpenPOS.Model,OpenPOS.Model.Configuracao,IConfiguracao,100,6,0,10,0
OpenPOS.Model,OpenPOS.Model.Configuracao,IConfiguracaoEGUID,100,16,0,12,0
OpenPOS.Model,OpenPOS.Model.Configuracao,IConfiguracaoEmpresa,100,2,0,12,0
OpenPOS.Model,OpenPOS.Model.Configuracao,IConfiguracaoPDV,100,2,0,12,0
OpenPOS.Model,OpenPOS.Model.Configuracao,IECFRodape,100,14,0,10,0
OpenPOS.Model,OpenPOS.Model.Customizacao,IForm,100,6,0,12,0
OpenPOS.Model,OpenPOS.Model.Customizacao,IFormControl,100,4,0,12,0
OpenPOS.Model,OpenPOS.Model.ECF.Cadastro,IAliquota,100,8,0,12,0
OpenPOS.Model,OpenPOS.Model.ECF.Cadastro,IImpressora,100,24,0,13,0
OpenPOS.Model,OpenPOS.Model.ECF.Cadastro,IImpressoraFormaPagto,100,6,0,12,0
OpenPOS.Model,OpenPOS.Model.ECF.Cadastro,IImpressoraTotNaoFiscal,100,8,0,12,0
OpenPOS.Model,OpenPOS.Model.Estoque.Saldo,ISaldo,100,5,0,10,0
OpenPOS.Model,OpenPOS.Model.Estoque.Saldo,ISaldoItem,100,2,0,12,0
OpenPOS.Model,OpenPOS.Model.Estoque.Saldo,ISaldoItemAnual,100,2,0,12,0
OpenPOS.Model,OpenPOS.Model.Estoque.Saldo,ISaldoItemDiario,100,2,0,13,0
OpenPOS.Model,OpenPOS.Model.Estoque.Saldo,ISaldoItemMensal,100,2,0,12,0
OpenPOS.Model,OpenPOS.Model.Faturamento.Cadastro,IContingenciaMovimento,100,6,0,12,0
OpenPOS.Model,OpenPOS.Model.Faturamento.Cadastro,IInutilizacao,100,16,0,13,0
OpenPOS.Model,OpenPOS.Model.Faturamento.Cadastro,ISerie,100,12,0,10,0
OpenPOS.Model,OpenPOS.Model.Faturamento.Lancamento,ILancamento,100,13,0,18,0
OpenPOS.Model,OpenPOS.Model.Faturamento.Lancamento,ILanSK,100,10,0,13,0
OpenPOS.Model,OpenPOS.Model.Faturamento.Lancamento,ILanSKItem,100,10,0,11,0
OpenPOS.Model,OpenPOS.Model.Faturamento.Lancamento.Cancelamento,ICancelamento,100,8,0,16,0
OpenPOS.Model,OpenPOS.Model.Faturamento.Lancamento.Cancelamento.Item,IItem,100,2,0,14,0
OpenPOS.Model,OpenPOS.Model.Faturamento.Lancamento.Movimento,IDadoPessoa,100,8,0,13,0
OpenPOS.Model,OpenPOS.Model.Faturamento.Lancamento.Movimento,IMovimento,100,83,0,34,0
OpenPOS.Model,OpenPOS.Model.Faturamento.Lancamento.Movimento.Baixa,IBaixa,100,3,0,17,0
OpenPOS.Model,OpenPOS.Model.Faturamento.Lancamento.Movimento.Baixa.FormaBaixa,IBaixaCheque,100,12,0,17,0
OpenPOS.Model,OpenPOS.Model.Faturamento.Lancamento.Movimento.Baixa.FormaBaixa,IBaixaForma,100,16,0,19,0
OpenPOS.Model,OpenPOS.Model.Faturamento.Lancamento.Movimento.Baixa.FormaBaixa,IBaixaTEF,100,24,0,22,0
OpenPOS.Model,OpenPOS.Model.Faturamento.Lancamento.Movimento.Baixa.FormaBaixa.TEF,IBaixaTEFCheque,100,2,0,17,0
OpenPOS.Model,OpenPOS.Model.Faturamento.Lancamento.Movimento.CFeSAT,ICFeSAT,100,0,0,17,0
OpenPOS.Model,OpenPOS.Model.Faturamento.Lancamento.Movimento.Conferencia,IConferencia,100,8,0,19,0
OpenPOS.Model,OpenPOS.Model.Faturamento.Lancamento.Movimento.ContaClienteMesa,IContaClienteMesa,100,8,0,19,0
OpenPOS.Model,OpenPOS.Model.Faturamento.Lancamento.Movimento.DAV,IDAV,100,2,0,18,0
OpenPOS.Model,OpenPOS.Model.Faturamento.Lancamento.Movimento.DAV.OS,IDAV,100,9,0,18,0
OpenPOS.Model,OpenPOS.Model.Faturamento.Lancamento.Movimento.Item,ICSTCSOSN,100,2,0,13,0
OpenPOS.Model,OpenPOS.Model.Faturamento.Lancamento.Movimento.Item,IEspecial,100,4,0,13,0
OpenPOS.Model,OpenPOS.Model.Faturamento.Lancamento.Movimento.Item,IEspecialBase,100,4,0,1,0
OpenPOS.Model,OpenPOS.Model.Faturamento.Lancamento.Movimento.Item,IItem,100,68,0,28,0
OpenPOS.Model,OpenPOS.Model.Faturamento.Lancamento.Movimento.Item,IItemBase,100,0,0,14,0
OpenPOS.Model,OpenPOS.Model.Faturamento.Lancamento.Movimento.Item,IRateio,100,10,0,17,0
OpenPOS.Model,OpenPOS.Model.Faturamento.Lancamento.Movimento.Item,ITributo,100,18,0,15,0
OpenPOS.Model,OpenPOS.Model.Faturamento.Lancamento.Movimento.Item.CFeSAT,IItem,100,0,0,17,0
OpenPOS.Model,OpenPOS.Model.Faturamento.Lancamento.Movimento.Item.Conferencia,IItem,100,0,0,17,0
OpenPOS.Model,OpenPOS.Model.Faturamento.Lancamento.Movimento.Item.ContaClienteMesa,IItem,100,0,0,15,0
OpenPOS.Model,OpenPOS.Model.Faturamento.Lancamento.Movimento.Item.DAV,IItem,100,2,0,18,0
OpenPOS.Model,OpenPOS.Model.Faturamento.Lancamento.Movimento.Item.DAV.OS,IItem,100,0,0,18,0
OpenPOS.Model,OpenPOS.Model.Faturamento.Lancamento.Movimento.Item.NF,IItem,100,0,0,17,0
OpenPOS.Model,OpenPOS.Model.Faturamento.Lancamento.Movimento.Item.NFCe,IItem,100,0,0,17,0
OpenPOS.Model,OpenPOS.Model.Faturamento.Lancamento.Movimento.Item.NFe,IItem,100,0,0,18,0
OpenPOS.Model,OpenPOS.Model.Faturamento.Lancamento.Movimento.Item.NFManual,IItem,100,0,0,18,0
OpenPOS.Model,OpenPOS.Model.Faturamento.Lancamento.Movimento.Item.PreVenda,IItem,100,2,0,18,0
OpenPOS.Model,OpenPOS.Model.Faturamento.Lancamento.Movimento.Item.VendaCF,IItem,100,6,0,19,0
OpenPOS.Model,OpenPOS.Model.Faturamento.Lancamento.Movimento.NF,IEvento,100,16,0,14,0
OpenPOS.Model,OpenPOS.Model.Faturamento.Lancamento.Movimento.NF,IInfAdic,100,8,0,13,0
OpenPOS.Model,OpenPOS.Model.Faturamento.Lancamento.Movimento.NF,INF,100,37,0,25,0
OpenPOS.Model,OpenPOS.Model.Faturamento.Lancamento.Movimento.NFCe,INFCe,100,0,0,18,0
OpenPOS.Model,OpenPOS.Model.Faturamento.Lancamento.Movimento.NFe,INFe,100,0,0,18,0
OpenPOS.Model,OpenPOS.Model.Faturamento.Lancamento.Movimento.NFManual,INFManual,100,0,0,17,0
OpenPOS.Model,OpenPOS.Model.Faturamento.Lancamento.Movimento.Ocorrencia,IOcorrencia,100,16,0,16,0
OpenPOS.Model,OpenPOS.Model.Faturamento.Lancamento.Movimento.PreVenda,IPreVenda,100,2,0,18,0
OpenPOS.Model,OpenPOS.Model.Faturamento.Lancamento.Movimento.VendaCF,IVendaCF,100,19,0,18,0
OpenPOS.Model,OpenPOS.Model.Financeiro,IAnaliseCredito,100,14,0,15,0
OpenPOS.Model,OpenPOS.Model.Financeiro.Lancamento,IContaPagar,100,0,0,16,0
OpenPOS.Model,OpenPOS.Model.Financeiro.Lancamento,IContaReceber,100,0,0,16,0
OpenPOS.Model,OpenPOS.Model.Financeiro.Lancamento,ILancamento,100,4,0,15,0
OpenPOS.Model,OpenPOS.Model.Financeiro.Lancamento,IPagarReceber,100,0,0,15,0
OpenPOS.Model,OpenPOS.Model.Financeiro.Lancamento,IParcela,100,22,0,18,0
OpenPOS.Model,OpenPOS.Model.Financeiro.Lancamento,IParcelaResult,100,18,0,4,0
OpenPOS.Model,OpenPOS.Model.FrenteCaixa.Cadastro,ICaixa,100,6,0,12,0
OpenPOS.Model,OpenPOS.Model.FrenteCaixa.Cadastro,IPDV,100,10,0,11,0
OpenPOS.Model,OpenPOS.Model.FrenteCaixa.Conferencia,ICaixa,100,8,0,15,0
OpenPOS.Model,OpenPOS.Model.FrenteCaixa.Conferencia,ICaixaFormaPagto,100,9,0,14,0
OpenPOS.Model,OpenPOS.Model.FrenteCaixa.Lancamento,IAbreCaixa,100,2,0,12,0
OpenPOS.Model,OpenPOS.Model.FrenteCaixa.Lancamento,IAbreFechaCaixa,100,11,0,14,0
OpenPOS.Model,OpenPOS.Model.FrenteCaixa.Lancamento,IContaCorrenteCaixa,100,12,0,19,0
OpenPOS.Model,OpenPOS.Model.FrenteCaixa.Lancamento,IFechaCaixa,100,3,0,12,0
OpenPOS.Model,OpenPOS.Model.Regra,IRegraBase,100,5,0,10,0
OpenPOS.Model,OpenPOS.Model.Regra.AnaliseCredito,IRegra,100,8,0,14,0
OpenPOS.Model,OpenPOS.Model.Regra.AnaliseCredito,IRegraFiltro,100,2,0,13,0
OpenPOS.Model,OpenPOS.Model.Regra.AnaliseCredito,IRegraUsuarioResp,100,2,0,13,0
OpenPOS.Model,OpenPOS.Model.Regra.BaseCalculo,IRegra,100,11,0,14,0
OpenPOS.Model,OpenPOS.Model.Regra.BaseCalculo,IRegraFiltro,100,12,0,19,0
OpenPOS.Model,OpenPOS.Model.Regra.CFOP,ICFOPRegra,100,8,0,15,0
OpenPOS.Model,OpenPOS.Model.Regra.CFOP,ICFOPRegraFiltro,100,12,0,19,0
OpenPOS.Model,OpenPOS.Model.Regra.CSTCSOSN,ICSTCSOSNRegra,100,10,0,15,0
OpenPOS.Model,OpenPOS.Model.Regra.CSTCSOSN,ICSTCSOSNRegraCodigo,100,2,0,13,0
OpenPOS.Model,OpenPOS.Model.Regra.CSTCSOSN,ICSTCSOSNRegraFiltro,100,12,0,18,0
OpenPOS.Model,OpenPOS.Model.Regra.Desconto,IDescontoRegra,100,10,0,16,0
OpenPOS.Model,OpenPOS.Model.Regra.Desconto,IDescontoRegraExcecao,100,0,0,13,0
OpenPOS.Model,OpenPOS.Model.Regra.Desconto,IDescontoRegraFiltro,100,25,0,22,0
OpenPOS.Model,OpenPOS.Model.Regra.Desconto,IDescontoRegraUsuarioResp,100,2,0,13,0
OpenPOS.Model,OpenPOS.Model.Regra.Preco,IPrecoRegra,100,6,0,15,0
OpenPOS.Model,OpenPOS.Model.Regra.Preco,IPrecoRegraFiltro,100,4,0,14,0
OpenPOS.Model,OpenPOS.Model.Regra.Preco,IPrecoRegraItemEspecial,100,2,0,14,0
OpenPOS.Model,OpenPOS.Model.Regra.TextoPadrao,ITextoPadraoRegra,100,8,0,15,0
OpenPOS.Model,OpenPOS.Model.Regra.TextoPadrao,ITextoPadraoRegraFiltro,100,14,0,19,0
OpenPOS.Model,OpenPOS.Model.Regra.Tributo,ITributoRegra,100,10,0,16,0
OpenPOS.Model,OpenPOS.Model.Regra.Tributo,ITributoRegraAliquota,100,4,0,13,0
OpenPOS.Model,OpenPOS.Model.Regra.Tributo,ITributoRegraFiltro,100,14,0,19,0
OpenPOS.Model,OpenPOS.Model.Regra.Tributo,ITributoRegraSTProtocolo,100,2,0,13,0
OpenPOS.Model,OpenPOS.Model.Relatorio,INivelAcesso,100,4,0,10,0
OpenPOS.Model,OpenPOS.Model.Reports,IFiltro,100,22,0,16,0
OpenPOS.Model,OpenPOS.Model.Reports,IGrupo,100,2,0,10,0
OpenPOS.Model,OpenPOS.Model.Reports,IRelatorio,100,10,0,13,0
OpenPOS.Model,OpenPOS.Model.Sincronizacao,ISincronizacao,100,8,0,11,0
OpenPOS.Model,OpenPOS.Model.Sistema.Log,ILog,100,12,0,12,0
OpenPOS.Model,OpenPOS.Model.Sistema.Log,ILogIBPT,100,4,0,11,0
OpenPOS.Model,OpenPOS.Model.Sistema.Log,ILogNFe,100,4,0,12,0
OpenPOS.Model,OpenPOS.Shared.Regra,IRegra,100,0,0,0,0
OpenPOS.Model,OpenPOS.Shared.Regra,IRegraResultBase<F>,100,1,0,0,0
OpenPOS.NFe,OpenPOS.NFe,EventoResult,93,17,1,3,17
OpenPOS.NFe,OpenPOS.NFe,NFeResult,73,57,2,17,87
OpenPOS.NFe,OpenPOS.NFe,Utilities,59,10,1,16,23
OpenPOS.Reports,OpenPOS.Reports,EnumerableFilterItem,58,27,1,19,63
OpenPOS.Reports,OpenPOS.Reports,RdlManager,72,22,1,22,47
OpenPOS.Reports,OpenPOS.Reports.Exceptions,ReportObjectInvalid,97,2,3,1,3
OpenPOS.Reports,OpenPOS.Reports.RdlDesign.Forms,DialogFilter,56,5,1,13,13
OpenPOS.Reports,OpenPOS.Reports.RdlDesign.Forms,DialogFilterResult,93,5,2,5,6
OpenPOS.Reports,OpenPOS.Reports.RdlDesign.Forms,FilterItem,92,15,1,4,15
OpenPOS.Reports,OpenPOS.Reports.RdlDesign.Forms,frmDialogFilter,55,58,7,45,202
OpenPOS.Reports,OpenPOS.Reports.Reader,MDIChild,74,7,7,11,29
OpenPOS.Reports,OpenPOS.Reports.Reader,RdlReader,57,116,7,69,394
OpenPOS.Reports,OpenPOS.Reports.Reader,ZoomTo,58,15,7,17,64
