Project,Namespace,Type,Tasks,QA
OpenPOS.Model,OpenPOS.Model.Faturamento.Lancamento.Movimento.NF,INF,[90573, 99704],[Efficiency, Maintainability]
OpenPOS.Core,OpenPOS.Data.Abstract.Cadastro.TabelaPreco,TabelaPrecoBase,[90577],[Efficiency]
OpenPOS.Core,OpenPOS.Shared.Regra.Tributo,RetornaCFOP,[90566],[Efficiency]
OpenPOS.Desktop,OpenPOS.Desktop.ComponentModel.Forms.Faturamento.Lancamento.Movimento,MovimentoBase,[90577],[Efficiency]
OpenPOS.Desktop,OpenPOS.Desktop.Forms.Cadastro,frmTabelaPreco,[87371],[Maintainability]
OpenPOS.NFe,OpenPOS.NFe,Utilities,[100833],[Efficiency]
OpenPOS.Desktop,OpenPOS.Desktop.Forms.FrenteCaixa.Lancamento,frmVendaCF,[87371, 90211, 90573, 99704, 90577, 100833, 90580],[Efficiency, Maintainability]
OpenPOS.Desktop,OpenPOS.Desktop.ComponentModel.Faturamento.Lancamento.Movimento.NF,NFBase,[100833],[Efficiency]
OpenPOS.Desktop,OpenPOS.Desktop.ComponentModel.Faturamento.Lancamento.Movimento.NF,NFBase,[90573, 99704],[Efficiency, Maintainability]
OpenPOS.Core,OpenPOS,Settings,[87371],[Maintainability]
OpenPOS.Desktop,OpenPOS.Desktop.ComponentModel.Forms.Faturamento.Lancamento.Movimento,MovimentoBase,[90577, 90566],[Efficiency]
OpenPOS.Core,OpenPOS.Data.Abstract.Cadastro.Item,ItemBase,[90580],[Efficiency]
OpenPOS.Desktop,OpenPOS.Desktop.Forms.Faturamento.Lancamento.Movimento.ContaClienteMesa,frmAcoesContaClienteMesa,[87371],[Maintainability]
OpenPOS.Desktop,OpenPOS.Desktop.ComponentModel.Faturamento.Lancamento.Movimento.NF,NFBase,[90573],[Efficiency]
OpenPOS.Core,OpenPOS.Shared.Regra.Preco,CalcularPreco,[87371],[Maintainability]
OpenPOS.Desktop,OpenPOS.Desktop.ComponentModel.Faturamento.Lancamento.Movimento.NF,NFBase,[90211, 99704, 100833],[Efficiency, Maintainability]
OpenPOS.Desktop,OpenPOS.Desktop.Forms.Sistema.Log,frmImportNCM,[90577],[Efficiency]
OpenPOS.Core,OpenPOS.Shared.Regra.Tributo,RetornaBaseCalculo,[90566],[Efficiency]
OpenPOS.Core,OpenPOS.Data.Abstract.Cadastro.Item.Produto,ProdutoBase,[87371],[Maintainability]
OpenPOS.Desktop,OpenPOS.Desktop.ComponentModel.Forms.Faturamento.Lancamento.Movimento,MovimentoBase,[87371, 90573, 90566],[Efficiency, Maintainability]