Project,Namespace,Type,Tasks,QA
OpenPOS.Model,OpenPOS.Model.Faturamento.Lancamento.Movimento,IDadoPessoa,[69221],[Maintainability]
OpenPOS.Desktop.ComponentModel,OpenPOS.Desktop.ComponentModel,OptionBarOutros,[76661],[Reusability]
OpenPOS.Desktop,OpenPOS.Desktop.ComponentModel.Faturamento.Lancamento.Movimento.Devolucao,DevolucaoBase,[69825;69221],[Maintainability]
OpenPOS.Desktop,OpenPOS.Desktop.Forms.Cadastro.Tributo,frmBaseCalculoRegra,[76661],[Reusability]
OpenPOS.Desktop,OpenPOS.Desktop.ComponentModel,frmTributoRegra,[76661],[Reusability]
OpenPOS.Core,OpenPOS.Data.Cadastro.Endereco,Cidade,[76661],[Reusability]
OpenPOS.Desktop,OpenPOS.Desktop.Forms.Cadastro,frmTabelaPreco,[76661],[Reusability]
OpenPOS.Desktop,OpenPOS.Desktop.ComponentModel,frmDescontoRegra,[76661],[Reusability]
OpenPOS.ETLSynch,OpenPOS.ETLSynch,frmMain,[76661],[Reusability]
OpenPOS.Core,OpenPOS.Data.Faturamento.Lancamento.Movimento.NFCe,NFCe,[69221],[Maintainability]
OpenPOS.Desktop,OpenPOS.Desktop.Forms.Financeiro.Cadastro,frmCondPgto,[76661],[Reusability]
OpenPOS.Core,OpenPOS.Data.Abstract.Sistema.Log,LogNFeBase,[63628],[Maintainability]
OpenPOS.Desktop,OpenPOS.Desktop.Forms.Cadastro.Pessoa,frmEmpresa,[76661],[Reusability]
OpenPOS.Core,OpenPOS.Shared.Financeiro,AnalisarCredito,[69221],[Maintainability]
OpenPOS.Desktop,OpenPOS.Desktop.Forms.Faturamento.Cadastro,frmSerie,[76661],[Reusability]
OpenPOS.Desktop,OpenPOS.Desktop.Forms.Cadastro.Pessoa,frmUsuario,[76661],[Reusability]
OpenPOS.Desktop.ComponentModel,OpenPOS.Desktop.ComponentModel,Login,[76661],[Reusability]
OpenPOS.Core,OpenPOS.Data.Cadastro.Endereco,Bairro,[76661],[Reusability]
OpenPOS.Core,OpenPOS.Data.Faturamento.Lancamento.Movimento.DadoPessoa,DadoPessoa,[69221],[Maintainability]
OpenPOS.Desktop,OpenPOS.Desktop.Forms.Cadastro.Regra,frmRegraPreco,[76661],[Reusability]
OpenPOS.Desktop,OpenPOS.Desktop.Forms.Faturamento.Cadastro,frmContingenciaMovimento,[76661],[Reusability]
OpenPOS.Desktop,OpenPOS.Desktop.Forms.Cadastro.Regra,frmCFOPRegra,[76661;68568],[Reusability;Maintainability]
OpenPOS.Desktop.ComponentModel,OpenPOS.Desktop.ComponentModel,TouchButton,[76661],[Reusability]
OpenPOS.Core,OpenPOS.Data.Regra.CFOP,CFOPRegraFiltro,[68568],[Maintainability]
OpenPOS.Desktop.ComponentModel,OpenPOS.Desktop,SearchWindowCustomer,[76661],[Reusability]
OpenPOS.Desktop,OpenPOS.Desktop.ComponentModel.Faturamento.Lancamento.Movimento.Devolucao,DevolucaoBase,[69825;69221],[Maintainability]
OpenPOS.Desktop,OpenPOS.Desktop.ComponentModel,frmCSTCSOSNRegra,[76661],[Reusability]
OpenPOS.Core,OpenPOS.Data.Abstract.Faturamento.Lancamento.Movimento,MovimentoBase,[69825,69221],[Maintainability,Maintainability]
OpenPOS.Core,OpenPOS.Data.Abstract.Cadastro.Endereco,EnderecoBase,[71158;71160],[Maintainability]
OpenPOS.Core,OpenPOS.Data.Abstract.Faturamento.Lancamento.Movimento.Item,ItemBase,[69221],[Maintainability]
OpenPOS.Desktop.ComponentModel,OpenPOS.Desktop.ComponentModel,LicensePlateField,[76661],[Reusability]
OpenPOS.Core,OpenPOS.Shared.Regra.Tributo,RetornaCFOP,[68568;69221],[Maintainability]
OpenPOS.Desktop,OpenPOS.Desktop.Forms.FrenteCaixa.Lancamento,frmMovimentacaoCaixa,[76661],[Reusability]
OpenPOS.Model,OpenPOS.Model.Regra.CFOP,ICFOPRegraFiltro,[68568],[Maintainability]
OpenPOS.Desktop,OpenPOS.Desktop.Forms.ECF,frmImpressora,[76661],[Reusability]
OpenPOS.Desktop.ComponentModel,OpenPOS.Desktop.ComponentModel.Cadastro.Pessoa,PessoaJuridica,[76661],[Reusability]
OpenPOS.Desktop,OpenPOS.Desktop.Forms.Cadastro,frmNivelAcesso,[76661],[Reusability]
OpenPOS.Desktop,OpenPOS.Desktop.ComponentModel.Faturamento.Lancamento.Movimento.NF,NFBase,[69221],[Maintainability]
OpenPOS.Desktop.ComponentModel,OpenPOS.Desktop.ComponentModel,CalendarEditingControl,[76661],[Reusability]
OpenPOS.Desktop.ComponentModel,OpenPOS.Desktop.ComponentModel,ProgressBar,[76661],[Reusability]
OpenPOS.Core,OpenPOS.Data.Cadastro.Pessoa,Cliente,[76661],[Reusability]
OpenPOS.Desktop.ComponentModel,OpenPOS.Desktop.ComponentModel,CalendarCell,[76661],[Reusability]
OpenPOS.Desktop.ComponentModel,OpenPOS.Desktop.ComponentModel.Faturamento.Lancamento.Movimento.ContaClienteMesa,ContaClienteMesaButton,[76661],[Reusability]
OpenPOS.Core,OpenPOS.Data.Abstract.Cadastro.Pessoa,PessoaBase,[76661;68568],[Reusability;Maintainability]
OpenPOS.CommonTypes,OpenPOS,IndicadorProducao,[76661],[Reusability]
OpenPOS.Core,OpenPOS,DbContext,[69221],[Maintainability]
OpenPOS.Desktop.ComponentModel,OpenPOS.Desktop.ComponentModel,FiltroDescontoRegra,[76661],[Reusability]
OpenPOS.Desktop.ComponentModel,OpenPOS.Desktop.ComponentModel,ButtonEntrar,[76661;69825],[Reusability;Maintainability]
OpenPOS.Desktop.ComponentModel,OpenPOS.Desktop.ComponentModel,ButtonCancelar,[76661],[Reusability]
OpenPOS.Desktop.ComponentModel,OpenPOS.Desktop.ComponentModel,ConfiguracaoECF,[76661],[Reusability]
OpenPOS.Desktop.ComponentModel,OpenPOS.Desktop.ComponentModel,AddToGridButton,[76661],[Reusability]
OpenPOS.Desktop,OpenPOS.Desktop.Forms.Cadastro.Item,frmKit,[76661],[Reusability]
OpenPOS.Desktop.ComponentModel,OpenPOS.Desktop.ComponentModel,frmPesquisarDAVPV,[76661],[Reusability]
OpenPOS.Desktop,OpenPOS.Desktop.Forms,frmInicial,[76661;63644;63637;63639],[Reusability;Maintainability]
OpenPOS.Core,OpenPOS.Data.Abstract.Cadastro.Item.Produto,ProdutoBase,[76661;68568],[Reusability;Maintainability]
OpenPOS.Desktop.ComponentModel,OpenPOS.Desktop.ComponentModel,TimePicker,[76661],[Reusability]
OpenPOS.Desktop,OpenPOS.Desktop.ComponentModel.Faturamento.Lancamento.Movimento.Devolucao,DevolucaoBase,[69825;69221],[Maintainability]
OpenPOS.Desktop.ComponentModel,OpenPOS.Desktop.ComponentModel,PagingToolbar,[76661],[Reusability]
OpenPOS.Desktop.ComponentModel,OpenPOS.Desktop.ComponentModel,frmItensEspeciaisItemTotalDialog,[76661],[Reusability]
OpenPOS.Desktop,OpenPOS.Desktop.Forms.Cadastro.Regra,frmTextoPadraoRegra,[76661],[Reusability]
OpenPOS.Desktop,OpenPOS.Desktop.Forms.Cadastro.Tributo,frmCadastroSTProtocolo,[76661],[Reusability]
OpenPOS.Desktop.ComponentModel,OpenPOS.Desktop.ComponentModel,SearchFieldPopup,[76661],[Reusability]
OpenPOS.Desktop,OpenPOS.Desktop.Forms.Cadastro.Pessoa,frmTransportador,[76661],[Reusability]
OpenPOS.Desktop.ComponentModel,OpenPOS.Desktop.ComponentModel,OptionBarDAV,[76661],[Reusability]
OpenPOS.Desktop,OpenPOS.Desktop.Forms.Cadastro,frmContaClienteMesa,[76661],[Reusability]
OpenPOS.Desktop.ComponentModel,OpenPOS.Desktop.ComponentModel,CurrencyCell,[76661],[Reusability]
OpenPOS.Desktop.ComponentModel,OpenPOS.Desktop.ComponentModel,HelpLabel,[76661],[Reusability]
OpenPOS.Desktop,OpenPOS.Desktop.Forms.Cadastro.Regra,frmAnaliseCreditoRegra,[76661],[Reusability]
OpenPOS.Desktop,OpenPOS.Desktop.Forms.Cadastro.Tributo,frmCadastroTributo,[76661],[Reusability]
OpenPOS.Desktop.ComponentModel,OpenPOS.Desktop.ComponentModel,PropertyEdit,[76661],[Reusability]
OpenPOS.Desktop,OpenPOS.Desktop.Forms.Cadastro.PercentualSimples,frmPercentualSimples,[76661],[Reusability]
OpenPOS.Core,OpenPOS.Data.Abstract.Cadastro.Item,ItemBase,[69825],[Maintainability]
OpenPOS.Core,OpenPOS.Data.Abstract.Faturamento.Lancamento.Movimento.Baixa.FormaBaixa,BaixaFormaBase,[63637],[Maintainability]
OpenPOS.Core,OpenPOS.Data.Abstract.Faturamento.Lancamento.Movimento.Item,ItemBase,[69221],[Maintainability]
OpenPOS.Desktop,OpenPOS.Desktop.Forms.Cadastro,frmFormaPagto,[76661],[Reusability]
OpenPOS.Core,OpenPOS.Data.Faturamento.Lancamento.Movimento.NFe,NFe,[69221],[Maintainability]
OpenPOS.CommonTypes,OpenPOS.Desktop.ComponentModel,PropertyGridItem,[76661],[Reusability]
OpenPOS.Desktop,OpenPOS.Desktop.Forms.Faturamento.Cadastro,frmInutilizacao,[76661],[Reusability]
OpenPOS.Desktop.ComponentModel,OpenPOS.Desktop.ComponentModel,OptionBarVenda,[76661],[Reusability]
OpenPOS.Desktop,OpenPOS.Desktop.Forms.Faturamento.Lancamento.Movimento,frmNovoCupom,[76661],[Reusability]
OpenPOS.Desktop.ComponentModel,OpenPOS.Desktop.ComponentModel,OptionBarBase,[76661],[Reusability]
OpenPOS.Desktop.ComponentModel,OpenPOS.Desktop.ComponentModel,Parcela,[76661],[Reusability]
OpenPOS.Desktop,OpenPOS.Desktop.Forms.FrenteCaixa.Lancamento,frmAberturaCaixa,[76661],[Reusability]
OpenPOS.Desktop,OpenPOS.Desktop.Forms.Cadastro.Pessoa,frmCliente,[76661],[Reusability]
OpenPOS.Model,OpenPOS.Model.Cadastro.Endereco,IEndereco,[71158],[Maintainability]
OpenPOS.Core,OpenPOS.Data.Abstract.Faturamento.Lancamento.Movimento.NF,NFBase,[76661;69825;69221],[Reusability;Maintainability]
OpenPOS.Desktop,OpenPOS.Desktop.Forms.Financeiro.Cadastro,frmContaCorrente,[76661],[Reusability]
OpenPOS.Desktop,OpenPOS.Desktop.Forms.Faturamento.Cadastro,frmNotaContingencia,[76661],[Reusability]
OpenPOS.Desktop,OpenPOS.Desktop.Properties,,[76661],[Reusability]
OpenPOS.Core,OpenPOS.Data.Faturamento.Lancamento,LanSK,[69825],[Maintainability]
OpenPOS.Desktop.ComponentModel,OpenPOS.Desktop.ComponentModel,Bobina,[69221],[Maintainability]
OpenPOS.Desktop.ComponentModel,OpenPOS.Desktop.ComponentModel,SelectFiltroRegra,[76661],[Reusability]
OpenPOS.Desktop.ComponentModel,OpenPOS.Desktop.ComponentModel,SelectFiltroRegraComboBox,[76661],[Reusability]
OpenPOS.Desktop,OpenPOS.Desktop.Forms.FrenteCaixa.Lancamento,frmVendaCF,[76661;68568;69221],[Reusability;Maintainability]
OpenPOS.Core,OpenPOS.Data.Faturamento.Lancamento.Movimento.Item.Devolucao,Item,[69221],[Maintainability]
OpenPOS.Desktop.ComponentModel,OpenPOS.Desktop.ComponentModel,GridPanel,[76661],[Reusability]
OpenPOS.Desktop.ComponentModel,OpenPOS.Desktop.ComponentModel.Cadastro.Pessoa,PessoaFisica,[76661],[Reusability]
OpenPOS.Model,OpenPOS.Model.Cadastro.Item,IItem,[69825],[Maintainability]
OpenPOS.Desktop.ComponentModel,OpenPOS.Desktop.ComponentModel.Forms,FormMesclarCarregarDAV,[76661;69221],[Reusability;Maintainability]
OpenPOS.Desktop.ComponentModel,OpenPOS,frmSelecionaPeriodo,[76661],[Reusability]
OpenPOS.Core,OpenPOS.Data.Faturamento.Lancamento.Movimento.NFManual,NFManual,[69221],[Maintainability]
OpenPOS.Core,OpenPOS.Data.Faturamento.Lancamento.Movimento.Item.Devolucao,Item,[69221],[Maintainability]
OpenPOS.Core,OpenPOS.Data.Abstract.Faturamento.Lancamento.Movimento,MovimentoBase,[76661;68568;69221],[Reusability;Maintainability]
OpenPOS.Desktop,OpenPOS.Desktop.Forms.Sistema.Log,frmLog,[76661;63628],[Reusability;Maintainability]
OpenPOS.Desktop.ComponentModel,OpenPOS.Desktop.ComponentModel,PropertyGrid,[76661],[Reusability]
OpenPOS.Desktop.ComponentModel,OpenPOS.Desktop.ComponentModel,MaskedNumber,[76661],[Reusability]
OpenPOS.Desktop,OpenPOS.Desktop.Forms.Faturamento.Lancamento.Movimento.ContaClienteMesa,frmAcoesContaClienteMesa,[76661;69221],[Reusability;Maintainability]
OpenPOS.Desktop,OpenPOS.Desktop.Forms.Cadastro,frmVeiculo,[76661],[Reusability]
OpenPOS.Core,OpenPOS.Data.Cadastro.Endereco,Endereco,[76661;71160],[Reusability;Maintainability]
OpenPOS.Core,OpenPOS.Data.Cadastro.Endereco,Municipio,[76661],[Reusability]
OpenPOS.Desktop,OpenPOS.Desktop.Forms.Cadastro.Item,frmNCM,[76661],[Reusability]
OpenPOS.Core,OpenPOS.Shared.Regra.Tributo,RegraCFOPFilter,[68568],[Maintainability]
OpenPOS.Desktop,OpenPOS.Desktop.Forms.Cadastro,frmEndereco,[71159],[Maintainability]
OpenPOS.Desktop.ComponentModel,OpenPOS.Desktop,SearchWindow,[76661],[Reusability]
OpenPOS.CommonTypes,OpenPOS,IndicadorTruncamento,[76661],[Reusability]
OpenPOS.Desktop,OpenPOS.Desktop.Forms.Configuracao,frmConfiguracao,[76661],[Reusability]
OpenPOS.Desktop.ComponentModel,OpenPOS.Desktop.ComponentModel,frmItensEspeciaisDialog,[76661],[Reusability]
OpenPOS.Desktop,OpenPOS.Desktop.ComponentModel.Cadastro.Item,ItemBase,[68568],[Maintainability]
OpenPOS.Desktop,OpenPOS.Desktop.ComponentModel.Forms.Faturamento.Lancamento.Movimento,MovimentoBase,[69221],[Maintainability]
OpenPOS.Desktop,OpenPOS.Desktop.Forms.FrenteCaixa.Lancamento,frmFechamentoCaixa,[76661, 63637],[Reusability, Maintainability]
OpenPOS.Model,OpenPOS.Model.Faturamento.Lancamento.Movimento.Devolucao,IDevolucao,[69221],[Maintainability]
OpenPOS.Desktop.ComponentModel,OpenPOS.Desktop.ComponentModel,DataGridViewCalendarColumn,[76661],[Reusability]
OpenPOS.Desktop.ComponentModel,OpenPOS.Desktop.ComponentModel.Button,Button,[76661],[Reusability]
OpenPOS.Core,OpenPOS.Core.Data.Abstract.Faturamento.Lancamento.Movimento.Devolucao,DevolucaoDFeBase,[69221],[Maintainability]
OpenPOS.ETL,OpenPOS.ETL,ImportXML,[69825],[Maintainability]
OpenPOS.Desktop.ComponentModel,OpenPOS.Desktop.ComponentModel.ComboBox,IComboBox,[76661],[Reusability]
OpenPOS.Desktop.ComponentModel,OpenPOS.Desktop.ComponentModel.ComboBox,ComboBox,[76661],[Reusability]
OpenPOS.Core,OpenPOS.Core.Data.Faturamento.Lancamento.Movimento.Devolucao,DevolucaoDFe,[69221],[Maintainability]
OpenPOS.Core,OpenPOS.Core.Data.Faturamento.Lancamento.Movimento.Compra,Compra,[69825],[Maintainability]
OpenPOS.Desktop.ComponentModel,OpenPOS.Desktop.ComponentModel,frmNovaAliquota,[76661],[Reusability]
OpenPOS.Core,OpenPOS.Core.Model.Faturamento.Lancamento.Movimento.Devolucao,IDevolucaoItemDFe,[69221],[Maintainability]
OpenPOS.Desktop.ComponentModel,OpenPOS.Desktop.ComponentModel.Button,ButtonOK,[76661, 69825],[Reusability, Maintainability]
OpenPOS.Desktop,OpenPOS.Desktop.Forms.Faturamento.Lancamento.Movimento.Devolucao,frmSelecionarCompra,[69825],[Maintainability]
OpenPOS.Desktop.ComponentModel,OpenPOS.Desktop.ComponentModel.Forms,MainForm,[76661, 69825],[Reusability, Maintainability]
OpenPOS.Core,OpenPOS.Core.Data.Abstract.Faturamento.Lancamento.Movimento.Devolucao,DevolucaoDFeBase,[69221],[Maintainability]
OpenPOS.Model,OpenPOS.Model.Faturamento.Lancamento.Movimento.Devolucao,IDevolucaoDFe,[69221],[Maintainability]
OpenPOS.Desktop,OpenPOS.Desktop.ComponentModel,DataGridViewComboboxColumn,[76661],[Reusability]
OpenPOS.Core,OpenPOS.Core.Data.Faturamento.Lancamento.Movimento.Devolucao.Item,DevolucaoItemDFe,[69221],[Maintainability]
OpenPOS.Core,OpenPOS.Core.Shared.Regra.Tributo,RetornaCSOSN,[69221],[Maintainability]
OpenPOS.Desktop.ComponentModel,OpenPOS.Desktop.ComponentModel,DataGridViewCurrencyColumn,[76661],[Reusability]
OpenPOS.UniBot,OpenPOS.UniBot.Forms,frmConfiguracaoUniBot,[76661],[Reusability]
OpenPOS.Core,OpenPOS.Core.Shared.Regra.Tributo,CalcularTributo,[69221],[Maintainability]
OpenPOS.Desktop,OpenPOS.Desktop.Forms.Cadastro.Item,frmItemProdAcabado,[76661],[Reusability]
OpenPOS.CommonTypes,OpenPOS.Enuns.UniBot,,[76661],[Reusability]
OpenPOS.CommonTypes,OpenPOS.Enuns.UniBot.Leiaute,,[76661],[Reusability]
OpenPOS.CommonTypes,OpenPOS.Enuns.Cadastro.Item,,[76661],[Reusability]
OpenPOS.CommonTypes,OpenPOS.Enuns.Desktop.ComponentModel,,[76661],[Reusability]
OpenPOS.CommonTypes,OpenPOS.Enuns.Cadastro.Financeiro,,[76661],[Reusability]
OpenPOS.CommonTypes,OpenPOS.Enuns.Faturamento.Lancamento.Movimento.Item.Tributo,,[76661],[Reusability]
OpenPOS.CommonTypes,OpenPOS.Enuns.FrenteCaixa.Conferencia,,[76661],[Reusability]
OpenPOS.CommonTypes,OpenPOS.Enuns.FrenteCaixa.Cadastro.Caixa,,[76661],[Reusability]
OpenPOS.CommonTypes,OpenPOS.Enuns.Faturamento.Lancamento.Movimento.Baixa.TEF,,[76661],[Reusability]
OpenPOS.CommonTypes,OpenPOS.Enuns.FrenteCaixa.Lancamento,,[76661],[Reusability]
OpenPOS.CommonTypes,OpenPOS.Enuns.Faturamento.Lancamento.Movimento,,[76661],[Reusability]
OpenPOS.CommonTypes,OpenPOS.Enuns.Arquivo.Sintegra,,[76661],[Reusability]
OpenPOS.CommonTypes,OpenPOS.Enuns.Cadastro.Pessoa,,[76661],[Reusability]
OpenPOS.CommonTypes,OpenPOS.Enuns.Faturamento.Lancamento.Movimento.Conferencia,,[76661],[Reusability]
OpenPOS.CommonTypes,OpenPOS.Enuns.Financeiro,,[76661],[Reusability]
OpenPOS.CommonTypes,OpenPOS.Enuns.Cadastro.Tributo,,[76661],[Reusability]
OpenPOS.CommonTypes,OpenPOS.Enuns.Faturamento.Lancamento.Movimento.NF,,[76661],[Reusability]
OpenPOS.CommonTypes,OpenPOS.Enuns.Faturamento.Lancamento.Movimento.Item,,[76661],[Reusability]
OpenPOS.CommonTypes,OpenPOS.Enuns.NFe,,[76661],[Reusability]
OpenPOS.CommonTypes,OpenPOS.Enuns.Cadastro.Endereco,,[76661],[Reusability]
OpenPOS.CommonTypes,OpenPOS.Enuns.Synchronize,,[76661],[Reusability]
OpenPOS.CommonTypes,OpenPOS.Enuns.Configuracao,,[76661],[Reusability]
OpenPOS.CommonTypes,OpenPOS.Enuns.Server.Log,,[76661],[Reusability]
OpenPOS.CommonTypes,OpenPOS.Enuns.Cadastro.Periodo,,[76661],[Reusability]
OpenPOS.CommonTypes,OpenPOS.Enuns.Cadastro,,[76661],[Reusability]
OpenPOS.CommonTypes,OpenPOS.Enuns,,[76661],[Reusability]
OpenPOS.CommonTypes,OpenPOS.Enuns.ECF,,[76661],[Reusability]
OpenPOS.CommonTypes,OpenPOS.Enuns.Faturamento.Lancamento,,[76661],[Reusability]
OpenPOS.CommonTypes,OpenPOS.Enuns.Faturamento.Lancamento.Movimento.Baixa,,[76661],[Reusability]
OpenPOS.CommonTypes,OpenPOS.Enuns.UniBot.Server,,[76661],[Reusability]
OpenPOS.CommonTypes,OpenPOS.Exceptions.Cadastro.Periodo,,[69825],[Maintainability]
OpenPOS.CommonTypes,OpenPOS.Exceptions.Cryptography,,[69825],[Maintainability]
OpenPOS.CommonTypes,OpenPOS.Exceptions.Faturamento.Cadastro,,[69825],[Maintainability]
OpenPOS.CommonTypes,OpenPOS.Exceptions.ECF,,[69825],[Maintainability]
OpenPOS.CommonTypes,OpenPOS.Exceptions.ETL,,[69825],[Maintainability]
OpenPOS.CommonTypes,OpenPOS.Exceptions,,[69825],[Maintainability]
OpenPOS.CommonTypes,OpenPOS.Exceptions.Faturamento.Lancamento.Movimento.Cadastro,,[69825],[Maintainability]
OpenPOS.CommonTypes,OpenPOS.Exceptions.Desktop,,[69825],[Maintainability]
OpenPOS.CommonTypes,OpenPOS.Exceptions.Configuracao,,[69825],[Maintainability]
OpenPOS.CommonTypes,OpenPOS.Exceptions.NFe,,[69825],[Maintainability]
OpenPOS.CommonTypes,OpenPOS.Exceptions.Compiler,,[69825],[Maintainability]
OpenPOS.CommonTypes,OpenPOS.Exceptions.FrenteCaixa,,[69825],[Maintainability]
OpenPOS.CommonTypes,OpenPOS.Exceptions.Cadastro.Item,,[69825],[Maintainability]
OpenPOS.CommonTypes,OpenPOS.Exceptions.Cadastro.TabelaPreco,,[69825],[Maintainability]
OpenPOS.CommonTypes,OpenPOS.Exceptions.Cadastro.Financeiro.CondicaoPagamento,,[69825],[Maintainability]
OpenPOS.CommonTypes,OpenPOS.Exceptions.Cadastro.Pessoa,,[69825],[Maintainability]
OpenPOS.CommonTypes,OpenPOS.Exceptions.Cadastro,,[69825],[Maintainability]
OpenPOS.CommonTypes,OpenPOS.Exceptions.Cadastro.Financeiro,,[69825],[Maintainability]
OpenPOS.CommonTypes,OpenPOS.Exceptions.Faturamento.Lancamento.Movimento,,[69825],[Maintainability]
OpenPOS.CommonTypes,OpenPOS.Exceptions.UniBot.Leaiute,,[69825],[Maintainability]
OpenPOS.CommonTypes,OpenPOS.Exceptions.Synchronize.PAF,,[69825],[Maintainability]
OpenPOS.CommonTypes,OpenPOS.Exceptions.Regra,,[69825],[Maintainability]
OpenPOS.CommonTypes,OpenPOS.Exceptions.Arquivo.Registro,,[69825],[Maintainability]