Complex Conditional-Imperative Abstraction,4,4,
Complex Conditional-Multifaceted Abstraction,0,0,
Complex Conditional-Unnecessary Abstraction,0,0,
Complex Conditional-Unutilized Abstraction,0,0,
Complex Conditional-Deficient Encapsulation,4,5,
Complex Conditional-Unexploited Encapsulation,0,0,
Complex Conditional-Broken Hierarchy,1,1,
Complex Conditional-Cyclic hierarchy,0,0,
Complex Conditional-Deep Hierarchy,0,0,
Complex Conditional-Missing Hierarchy,0,0,
Complex Conditional-Multipath Hierarchy,0,0,
Complex Conditional-Rebellious Hierarchy,0,0,
Complex Conditional-Wide Hierarchy,0,0,
Complex Conditional-Broken Modularization,0,0,
Complex Conditional-Cyclic Dependent Modularization,0,0,
Complex Conditional-Insufficient Modularization,0,0,
Complex Conditional-Hub Like Modularization,0,0,
Complex Method-Imperative Abstraction,9,11,
Complex Method-Multifaceted Abstraction,0,0,
Complex Method-Unnecessary Abstraction,0,0,
Complex Method-Unutilized Abstraction,2,2,
Complex Method-Deficient Encapsulation,9,9,
Complex Method-Unexploited Encapsulation,0,0,
Complex Method-Broken Hierarchy,0,0,
Complex Method-Cyclic hierarchy,0,0,
Complex Method-Deep Hierarchy,0,0,
Complex Method-Missing Hierarchy,1,1,
Complex Method-Multipath Hierarchy,0,0,
Complex Method-Rebellious Hierarchy,1,1,
Complex Method-Wide Hierarchy,0,0,
Complex Method-Broken Modularization,0,0,
Complex Method-Cyclic Dependent Modularization,0,0,
Complex Method-Insufficient Modularization,2,2,
Complex Method-Hub Like Modularization,0,0,
Empty Catch Block-Imperative Abstraction,17,21,
Empty Catch Block-Multifaceted Abstraction,0,0,
Empty Catch Block-Unnecessary Abstraction,0,0,
Empty Catch Block-Unutilized Abstraction,1,1,
Empty Catch Block-Deficient Encapsulation,7,7,
Empty Catch Block-Unexploited Encapsulation,0,0,
Empty Catch Block-Broken Hierarchy,0,0,
Empty Catch Block-Cyclic hierarchy,0,0,
Empty Catch Block-Deep Hierarchy,0,0,
Empty Catch Block-Missing Hierarchy,0,0,
Empty Catch Block-Multipath Hierarchy,0,0,
Empty Catch Block-Rebellious Hierarchy,0,0,
Empty Catch Block-Wide Hierarchy,1,1,
Empty Catch Block-Broken Modularization,0,0,
Empty Catch Block-Cyclic Dependent Modularization,0,0,
Empty Catch Block-Insufficient Modularization,2,2,
Empty Catch Block-Hub Like Modularization,0,0,
Long Identifier-Imperative Abstraction,0,0,
Long Identifier-Multifaceted Abstraction,1,1,
Long Identifier-Unnecessary Abstraction,2,2,
Long Identifier-Unutilized Abstraction,4,4,
Long Identifier-Deficient Encapsulation,2,2,
Long Identifier-Unexploited Encapsulation,0,0,
Long Identifier-Broken Hierarchy,0,0,
Long Identifier-Cyclic hierarchy,0,0,
Long Identifier-Deep Hierarchy,0,0,
Long Identifier-Missing Hierarchy,0,0,
Long Identifier-Multipath Hierarchy,0,0,
Long Identifier-Rebellious Hierarchy,2,3,
Long Identifier-Wide Hierarchy,0,0,
Long Identifier-Broken Modularization,3,3,
Long Identifier-Cyclic Dependent Modularization,0,0,
Long Identifier-Insufficient Modularization,7,7,
Long Identifier-Hub Like Modularization,0,0,
Long Method-Imperative Abstraction,19,21,
Long Method-Multifaceted Abstraction,0,0,
Long Method-Unnecessary Abstraction,0,0,
Long Method-Unutilized Abstraction,4,4,
Long Method-Deficient Encapsulation,8,8,
Long Method-Unexploited Encapsulation,0,0,
Long Method-Broken Hierarchy,0,0,
Long Method-Cyclic hierarchy,0,0,
Long Method-Deep Hierarchy,0,0,
Long Method-Missing Hierarchy,0,0,
Long Method-Multipath Hierarchy,0,0,
Long Method-Rebellious Hierarchy,2,2,
Long Method-Wide Hierarchy,0,0,
Long Method-Broken Modularization,0,0,
Long Method-Cyclic Dependent Modularization,0,0,
Long Method-Insufficient Modularization,2,2,
Long Method-Hub Like Modularization,0,0,
Long Parameter List-Imperative Abstraction,3,3,
Long Parameter List-Multifaceted Abstraction,4,4,
Long Parameter List-Unnecessary Abstraction,0,0,
Long Parameter List-Unutilized Abstraction,0,0,
Long Parameter List-Deficient Encapsulation,3,3,
Long Parameter List-Unexploited Encapsulation,0,0,
Long Parameter List-Broken Hierarchy,2,2,
Long Parameter List-Cyclic hierarchy,0,0,
Long Parameter List-Deep Hierarchy,0,0,
Long Parameter List-Missing Hierarchy,0,0,
Long Parameter List-Multipath Hierarchy,0,0,
Long Parameter List-Rebellious Hierarchy,14,16,
Long Parameter List-Wide Hierarchy,2,2,
Long Parameter List-Broken Modularization,0,0,
Long Parameter List-Cyclic Dependent Modularization,0,0,
Long Parameter List-Insufficient Modularization,5,5,
Long Parameter List-Hub Like Modularization,0,0,
Long Statement-Imperative Abstraction,34,38,
Long Statement-Multifaceted Abstraction,0,0,
Long Statement-Unnecessary Abstraction,0,0,
Long Statement-Unutilized Abstraction,12,12,
Long Statement-Deficient Encapsulation,13,13,
Long Statement-Unexploited Encapsulation,1,1,
Long Statement-Broken Hierarchy,0,0,
Long Statement-Cyclic hierarchy,0,0,
Long Statement-Deep Hierarchy,0,0,
Long Statement-Missing Hierarchy,3,3,
Long Statement-Multipath Hierarchy,0,0,
Long Statement-Rebellious Hierarchy,10,10,
Long Statement-Wide Hierarchy,1,1,
Long Statement-Broken Modularization,0,0,
Long Statement-Cyclic Dependent Modularization,0,0,
Long Statement-Insufficient Modularization,9,10,
Long Statement-Hub Like Modularization,0,0,
Magic Number-Imperative Abstraction,25,29,
Magic Number-Multifaceted Abstraction,1,1,
Magic Number-Unnecessary Abstraction,0,0,
Magic Number-Unutilized Abstraction,9,9,
Magic Number-Deficient Encapsulation,14,14,
Magic Number-Unexploited Encapsulation,1,1,
Magic Number-Broken Hierarchy,1,1,
Magic Number-Cyclic hierarchy,0,0,
Magic Number-Deep Hierarchy,0,0,
Magic Number-Missing Hierarchy,2,2,
Magic Number-Multipath Hierarchy,0,0,
Magic Number-Rebellious Hierarchy,11,10,
Magic Number-Wide Hierarchy,2,2,
Magic Number-Broken Modularization,0,0,
Magic Number-Cyclic Dependent Modularization,0,0,
Magic Number-Insufficient Modularization,11,11,
Magic Number-Hub Like Modularization,0,0,
Missing Default-Imperative Abstraction,10,11,
Missing Default-Multifaceted Abstraction,0,0,
Missing Default-Unnecessary Abstraction,0,0,
Missing Default-Unutilized Abstraction,2,2,
Missing Default-Deficient Encapsulation,5,5,
Missing Default-Unexploited Encapsulation,0,0,
Missing Default-Broken Hierarchy,0,0,
Missing Default-Cyclic hierarchy,0,0,
Missing Default-Deep Hierarchy,0,0,
Missing Default-Missing Hierarchy,0,0,
Missing Default-Multipath Hierarchy,0,0,
Missing Default-Rebellious Hierarchy,8,8,
Missing Default-Wide Hierarchy,1,1,
Missing Default-Broken Modularization,0,0,
Missing Default-Cyclic Dependent Modularization,0,0,
Missing Default-Insufficient Modularization,2,2,
Missing Default-Hub Like Modularization,0,0,
Abstract Function Call From Constructor-Imperative Abstraction,0,0,
Abstract Function Call From Constructor-Multifaceted Abstraction,0,0,
Abstract Function Call From Constructor-Unnecessary Abstraction,0,0,
Abstract Function Call From Constructor-Unutilized Abstraction,0,0,
Abstract Function Call From Constructor-Deficient Encapsulation,0,0,
Abstract Function Call From Constructor-Unexploited Encapsulation,0,0,
Abstract Function Call From Constructor-Broken Hierarchy,0,0,
Abstract Function Call From Constructor-Cyclic hierarchy,0,0,
Abstract Function Call From Constructor-Deep Hierarchy,0,0,
Abstract Function Call From Constructor-Missing Hierarchy,0,0,
Abstract Function Call From Constructor-Multipath Hierarchy,0,0,
Abstract Function Call From Constructor-Rebellious Hierarchy,0,0,
Abstract Function Call From Constructor-Wide Hierarchy,0,0,
Abstract Function Call From Constructor-Broken Modularization,0,0,
Abstract Function Call From Constructor-Cyclic Dependent Modularization,0,0,
Abstract Function Call From Constructor-Insufficient Modularization,0,0,
Abstract Function Call From Constructor-Hub Like Modularization,0,0,