Complex Conditional-Imperative Abstraction,0,0,
Complex Conditional-Multifaceted Abstraction,0,0,
Complex Conditional-Unnecessary Abstraction,0,0,
Complex Conditional-Unutilized Abstraction,6,4,
Complex Conditional-Deficient Encapsulation,7,9,
Complex Conditional-Unexploited Encapsulation,7,6,
Complex Conditional-Broken Hierarchy,3,2,
Complex Conditional-Cyclic hierarchy,0,0,
Complex Conditional-Deep Hierarchy,1,1,
Complex Conditional-Missing Hierarchy,8,7,
Complex Conditional-Multipath Hierarchy,0,0,
Complex Conditional-Rebellious Hierarchy,1,1,
Complex Conditional-Wide Hierarchy,0,0,
Complex Conditional-Broken Modularization,0,0,
Complex Conditional-Cyclic Dependent Modularization,0,0,
Complex Conditional-Insufficient Modularization,20,23,
Complex Conditional-Hub Like Modularization,0,0,
Complex Method-Imperative Abstraction,0,0,
Complex Method-Multifaceted Abstraction,0,0,
Complex Method-Unnecessary Abstraction,0,0,
Complex Method-Unutilized Abstraction,7,7,
Complex Method-Deficient Encapsulation,12,13,
Complex Method-Unexploited Encapsulation,9,8,
Complex Method-Broken Hierarchy,5,8,
Complex Method-Cyclic hierarchy,0,0,
Complex Method-Deep Hierarchy,1,1,
Complex Method-Missing Hierarchy,10,9,
Complex Method-Multipath Hierarchy,0,0,
Complex Method-Rebellious Hierarchy,1,1,
Complex Method-Wide Hierarchy,3,3,
Complex Method-Broken Modularization,0,0,
Complex Method-Cyclic Dependent Modularization,0,0,
Complex Method-Insufficient Modularization,32,33,
Complex Method-Hub Like Modularization,0,0,
Empty Catch Block-Imperative Abstraction,0,0,
Empty Catch Block-Multifaceted Abstraction,0,0,
Empty Catch Block-Unnecessary Abstraction,0,0,
Empty Catch Block-Unutilized Abstraction,0,0,
Empty Catch Block-Deficient Encapsulation,0,0,
Empty Catch Block-Unexploited Encapsulation,0,0,
Empty Catch Block-Broken Hierarchy,0,0,
Empty Catch Block-Cyclic hierarchy,0,0,
Empty Catch Block-Deep Hierarchy,0,0,
Empty Catch Block-Missing Hierarchy,0,0,
Empty Catch Block-Multipath Hierarchy,0,0,
Empty Catch Block-Rebellious Hierarchy,0,0,
Empty Catch Block-Wide Hierarchy,0,0,
Empty Catch Block-Broken Modularization,0,0,
Empty Catch Block-Cyclic Dependent Modularization,0,0,
Empty Catch Block-Insufficient Modularization,0,0,
Empty Catch Block-Hub Like Modularization,0,0,
Long Identifier-Imperative Abstraction,0,0,
Long Identifier-Multifaceted Abstraction,0,0,
Long Identifier-Unnecessary Abstraction,0,0,
Long Identifier-Unutilized Abstraction,5,5,
Long Identifier-Deficient Encapsulation,7,8,
Long Identifier-Unexploited Encapsulation,2,2,
Long Identifier-Broken Hierarchy,0,0,
Long Identifier-Cyclic hierarchy,0,0,
Long Identifier-Deep Hierarchy,1,1,
Long Identifier-Missing Hierarchy,3,3,
Long Identifier-Multipath Hierarchy,0,0,
Long Identifier-Rebellious Hierarchy,1,1,
Long Identifier-Wide Hierarchy,1,1,
Long Identifier-Broken Modularization,0,0,
Long Identifier-Cyclic Dependent Modularization,0,0,
Long Identifier-Insufficient Modularization,12,13,
Long Identifier-Hub Like Modularization,0,0,
Long Method-Imperative Abstraction,0,0,
Long Method-Multifaceted Abstraction,0,0,
Long Method-Unnecessary Abstraction,0,0,
Long Method-Unutilized Abstraction,1,2,
Long Method-Deficient Encapsulation,2,3,
Long Method-Unexploited Encapsulation,4,2,
Long Method-Broken Hierarchy,1,3,
Long Method-Cyclic hierarchy,0,0,
Long Method-Deep Hierarchy,0,0,
Long Method-Missing Hierarchy,5,3,
Long Method-Multipath Hierarchy,0,0,
Long Method-Rebellious Hierarchy,0,0,
Long Method-Wide Hierarchy,1,0,
Long Method-Broken Modularization,0,0,
Long Method-Cyclic Dependent Modularization,0,0,
Long Method-Insufficient Modularization,11,10,
Long Method-Hub Like Modularization,0,0,
Long Parameter List-Imperative Abstraction,0,0,
Long Parameter List-Multifaceted Abstraction,0,0,
Long Parameter List-Unnecessary Abstraction,0,0,
Long Parameter List-Unutilized Abstraction,8,9,
Long Parameter List-Deficient Encapsulation,16,15,
Long Parameter List-Unexploited Encapsulation,5,5,
Long Parameter List-Broken Hierarchy,4,7,
Long Parameter List-Cyclic hierarchy,0,0,
Long Parameter List-Deep Hierarchy,0,0,
Long Parameter List-Missing Hierarchy,6,6,
Long Parameter List-Multipath Hierarchy,1,1,
Long Parameter List-Rebellious Hierarchy,0,0,
Long Parameter List-Wide Hierarchy,3,3,
Long Parameter List-Broken Modularization,0,0,
Long Parameter List-Cyclic Dependent Modularization,0,0,
Long Parameter List-Insufficient Modularization,23,24,
Long Parameter List-Hub Like Modularization,0,0,
Long Statement-Imperative Abstraction,0,0,
Long Statement-Multifaceted Abstraction,0,0,
Long Statement-Unnecessary Abstraction,0,0,
Long Statement-Unutilized Abstraction,12,12,
Long Statement-Deficient Encapsulation,16,17,
Long Statement-Unexploited Encapsulation,9,8,
Long Statement-Broken Hierarchy,8,13,
Long Statement-Cyclic hierarchy,0,0,
Long Statement-Deep Hierarchy,1,1,
Long Statement-Missing Hierarchy,10,9,
Long Statement-Multipath Hierarchy,1,1,
Long Statement-Rebellious Hierarchy,1,1,
Long Statement-Wide Hierarchy,3,3,
Long Statement-Broken Modularization,0,0,
Long Statement-Cyclic Dependent Modularization,0,0,
Long Statement-Insufficient Modularization,36,36,
Long Statement-Hub Like Modularization,0,0,
Magic Number-Imperative Abstraction,0,0,
Magic Number-Multifaceted Abstraction,0,0,
Magic Number-Unnecessary Abstraction,0,0,
Magic Number-Unutilized Abstraction,6,7,
Magic Number-Deficient Encapsulation,11,11,
Magic Number-Unexploited Encapsulation,7,6,
Magic Number-Broken Hierarchy,3,7,
Magic Number-Cyclic hierarchy,0,0,
Magic Number-Deep Hierarchy,1,1,
Magic Number-Missing Hierarchy,8,7,
Magic Number-Multipath Hierarchy,1,1,
Magic Number-Rebellious Hierarchy,1,1,
Magic Number-Wide Hierarchy,3,3,
Magic Number-Broken Modularization,0,0,
Magic Number-Cyclic Dependent Modularization,0,0,
Magic Number-Insufficient Modularization,29,31,
Magic Number-Hub Like Modularization,0,0,
Missing Default-Imperative Abstraction,0,0,
Missing Default-Multifaceted Abstraction,0,0,
Missing Default-Unnecessary Abstraction,0,0,
Missing Default-Unutilized Abstraction,0,0,
Missing Default-Deficient Encapsulation,0,0,
Missing Default-Unexploited Encapsulation,0,0,
Missing Default-Broken Hierarchy,0,0,
Missing Default-Cyclic hierarchy,0,0,
Missing Default-Deep Hierarchy,0,0,
Missing Default-Missing Hierarchy,0,0,
Missing Default-Multipath Hierarchy,0,0,
Missing Default-Rebellious Hierarchy,0,0,
Missing Default-Wide Hierarchy,0,0,
Missing Default-Broken Modularization,0,0,
Missing Default-Cyclic Dependent Modularization,0,0,
Missing Default-Insufficient Modularization,0,0,
Missing Default-Hub Like Modularization,0,0,
Abstract Function Call From Constructor-Imperative Abstraction,0,0,
Abstract Function Call From Constructor-Multifaceted Abstraction,0,0,
Abstract Function Call From Constructor-Unnecessary Abstraction,0,0,
Abstract Function Call From Constructor-Unutilized Abstraction,0,0,
Abstract Function Call From Constructor-Deficient Encapsulation,2,2,
Abstract Function Call From Constructor-Unexploited Encapsulation,0,0,
Abstract Function Call From Constructor-Broken Hierarchy,0,0,
Abstract Function Call From Constructor-Cyclic hierarchy,0,0,
Abstract Function Call From Constructor-Deep Hierarchy,0,0,
Abstract Function Call From Constructor-Missing Hierarchy,0,0,
Abstract Function Call From Constructor-Multipath Hierarchy,0,0,
Abstract Function Call From Constructor-Rebellious Hierarchy,0,0,
Abstract Function Call From Constructor-Wide Hierarchy,0,0,
Abstract Function Call From Constructor-Broken Modularization,0,0,
Abstract Function Call From Constructor-Cyclic Dependent Modularization,0,0,
Abstract Function Call From Constructor-Insufficient Modularization,2,2,
Abstract Function Call From Constructor-Hub Like Modularization,0,0,